Source Group,Category,Fiscal Week,Incidents,Exposure Hours,Recordable Incidents,DART Cases
Site weekly,All site,1,0,26118.943,,
Site weekly,All site,2,1,31749.171000000002,,
Site weekly,All site,3,3,33550.97,,
Site weekly,All site,4,2,32690.338000000003,,
Site weekly,All site,5,6,31724.64899999999,,
Site weekly,All site,6,3,31678.682,,
Site weekly,All site,7,3,28935.187999999995,,
Site weekly,All site,8,3,32454.955000000016,,
Site weekly,All site,9,5,32200.97100000002,,
Site weekly,All site,10,10,32910.82699999999,,
Site weekly,All site,11,6,31207.65499999997,,
Site weekly,All site,12,6,30130.67200000002,,
Site weekly,All site,13,2,28679.621999999974,,
Site weekly,All site,14,2,30088.94300000003,,
Site weekly,All site,15,1,29538.274999999965,,
Site weekly,All site,16,4,29037.985000000044,,
Site weekly,All site,17,1,30062.824999999953,,
Site weekly,All site,18,4,34009.13600000006,,
Site weekly,All site,19,4,33167.31900000002,,
Site weekly,All site,20,2,33415.97999999998,,
Site weekly,All site,21,3,34130.918999999994,,
Site weekly,All site,22,3,33697.43099999998,,
Site weekly,All site,23,4,34562.97499999998,,
Site weekly,All site,24,2,35368.95299999998,,
Site weekly,All site,25,4,37000.64100000006,,
Site weekly,All site,26,6,37436.11899999995,,
Site weekly,All site,27,2,32741.119999999995,,
Site weekly,All site,28,7,43521.72999999998,,
Site weekly,All site,29,14,39478.603,,
Site weekly,All site,30,5,31081.646999999997,,
Site weekly,All site,31,7,30214.925000000047,,
Site weekly,All site,32,9,31279.59699999995,,
Site weekly,All site,33,5,31728.80400000012,,
Site weekly,All site,34,3,31717.997999999905,,
Site weekly,All site,35,5,31312.27500000014,,
Site weekly,All site,36,2,30773.45399999991,,
Site weekly,All site,37,6,28595.50499999989,,
Site weekly,All site,38,3,28051.155000000028,,
Site weekly,All site,39,1,27618.233000000007,,
Site weekly,All site,40,3,31061.726999999955,,
Site weekly,All site,41,7,34203.54300000006,,
Site weekly,All site,42,5,29697.310000000056,,
Site weekly,All site,43,2,27414.220999999903,,
Site weekly,All site,44,1,28884.055000000168,,
Site weekly,All site,45,3,27152.366999999853,,
Site weekly,All site,46,1,27483.699000000022,,
Site weekly,All site,47,4,29165.51600000006,,
Site weekly,All site,48,5,34157.67699999991,,
Site weekly,All site,49,3,37829.81600000011,,
Site weekly,All site,50,4,36612.555999999866,,
Site weekly,All site,51,4,34004.38199999998,,
Site weekly,All site,52,2,20589.849000000162,,
Process path weekly,Pick,52,0,4166.14,,
Process path weekly,Pick,51,1,7051.45,,
Process path weekly,Pick,50,1,7458.05,,
Process path weekly,Pick,49,0,8806.4,,
Process path weekly,Pick,48,1,7683.3,,
Process path weekly,Pick,47,1,5574.24,,
Process path weekly,Pick,46,0,4655.19,,
Process path weekly,Pick,45,2,4707.48,,
Process path weekly,Pick,44,0,4512.03,,
Process path weekly,Pick,43,0,4643.46,,
Process path weekly,Pick,42,1,5115.6,,
Process path weekly,Pick,41,1,7148.06,,
Process path weekly,Pick,40,1,5328.37,,
Process path weekly,Pick,39,0,4731.01,,
Process path weekly,Pick,38,0,4973.3,,
Process path weekly,Pick,37,1,4437.59,,
Process path weekly,Pick,36,0,5442.99,,
Process path weekly,Pick,35,0,6224.45,,
Process path weekly,Pick,34,0,5854.33,,
Process path weekly,Pick,33,2,5512.07,,
Process path weekly,Pick,32,2,5738.43,,
Process path weekly,Pick,31,2,5799.0,,
Process path weekly,Pick,30,1,5926.34,,
Process path weekly,Pick,29,5,7423.76,,
Process path weekly,Pick,28,1,10104.59,,
Process path weekly,Pick,27,0,6539.84,,
Process path weekly,Pick,26,3,7381.59,,
Process path weekly,Pick,25,1,7212.6,,
Process path weekly,Pick,24,1,6978.23,,
Process path weekly,Pick,23,1,6609.33,,
Process path weekly,Pick,22,1,6651.84,,
Process path weekly,Pick,21,2,6698.34,,
Process path weekly,Pick,20,0,6804.29,,
Process path weekly,Pick,19,0,7336.93,,
Process path weekly,Pick,18,1,7428.24,,
Process path weekly,Pick,17,0,6972.47,,
Process path weekly,Pick,16,2,6259.87,,
Process path weekly,Pick,15,0,6925.42,,
Process path weekly,Pick,14,2,6900.18,,
Process path weekly,Pick,13,1,6656.25,,
Process path weekly,Pick,12,2,6674.65,,
Process path weekly,Pick,11,2,6766.78,,
Process path weekly,Pick,10,0,7017.34,,
Process path weekly,Pick,9,3,6051.45,,
Process path weekly,Pick,8,1,5441.95,,
Process path weekly,Pick,7,2,4976.16,,
Process path weekly,Pick,6,0,5555.28,,
Process path weekly,Pick,5,0,5112.36,,
Process path weekly,Pick,4,1,5063.97,,
Process path weekly,Pick,3,0,5118.89,,
Process path weekly,Pick,2,0,5184.92,,
Process path weekly,Pick,1,0,4877.0,,
Process path weekly,Admin/HR/IT,52,0,1376.02,,
Process path weekly,Admin/HR/IT,51,0,2379.51,,
Process path weekly,Admin/HR/IT,50,0,2280.28,,
Process path weekly,Admin/HR/IT,49,0,2317.74,,
Process path weekly,Admin/HR/IT,48,2,1897.78,,
Process path weekly,Admin/HR/IT,47,0,2325.27,,
Process path weekly,Admin/HR/IT,46,0,2482.38,,
Process path weekly,Admin/HR/IT,45,0,2338.84,,
Process path weekly,Admin/HR/IT,44,0,2388.54,,
Process path weekly,Admin/HR/IT,43,0,2404.04,,
Process path weekly,Admin/HR/IT,42,0,2219.09,,
Process path weekly,Admin/HR/IT,41,0,2642.84,,
Process path weekly,Admin/HR/IT,40,0,2507.77,,
Process path weekly,Admin/HR/IT,39,0,2187.19,,
Process path weekly,Admin/HR/IT,38,0,2735.06,,
Process path weekly,Admin/HR/IT,37,0,2300.68,,
Process path weekly,Admin/HR/IT,36,0,2713.83,,
Process path weekly,Admin/HR/IT,35,0,2582.34,,
Process path weekly,Admin/HR/IT,34,0,2666.53,,
Process path weekly,Admin/HR/IT,33,0,2660.54,,
Process path weekly,Admin/HR/IT,32,0,2543.05,,
Process path weekly,Admin/HR/IT,31,0,2693.66,,
Process path weekly,Admin/HR/IT,30,0,3040.59,,
Process path weekly,Admin/HR/IT,29,0,3159.32,,
Process path weekly,Admin/HR/IT,28,0,3122.95,,
Process path weekly,Admin/HR/IT,27,0,3005.82,,
Process path weekly,Admin/HR/IT,26,0,2947.78,,
Process path weekly,Admin/HR/IT,25,0,2887.88,,
Process path weekly,Admin/HR/IT,24,0,2977.42,,
Process path weekly,Admin/HR/IT,23,0,2976.98,,
Process path weekly,Admin/HR/IT,22,0,2920.57,,
Process path weekly,Admin/HR/IT,21,0,3000.55,,
Process path weekly,Admin/HR/IT,20,0,2956.05,,
Process path weekly,Admin/HR/IT,19,0,3079.31,,
Process path weekly,Admin/HR/IT,18,0,3320.91,,
Process path weekly,Admin/HR/IT,17,0,3307.82,,
Process path weekly,Admin/HR/IT,16,0,3630.81,,
Process path weekly,Admin/HR/IT,15,0,3557.59,,
Process path weekly,Admin/HR/IT,14,0,4288.92,,
Process path weekly,Admin/HR/IT,13,0,5162.7,,
Process path weekly,Admin/HR/IT,12,0,4365.18,,
Process path weekly,Admin/HR/IT,11,0,3224.91,,
Process path weekly,Admin/HR/IT,10,0,2951.22,,
Process path weekly,Admin/HR/IT,9,0,2745.36,,
Process path weekly,Admin/HR/IT,8,0,2810.02,,
Process path weekly,Admin/HR/IT,7,0,2626.4,,
Process path weekly,Admin/HR/IT,6,0,2838.2,,
Process path weekly,Admin/HR/IT,5,0,2935.47,,
Process path weekly,Admin/HR/IT,4,0,3161.66,,
Process path weekly,Admin/HR/IT,3,1,2998.84,,
Process path weekly,Admin/HR/IT,2,0,2850.89,,
Process path weekly,Admin/HR/IT,1,0,2184.62,,
Process path weekly,Stow to Prime,52,0,1137.94,,
Process path weekly,Stow to Prime,51,0,1571.52,,
Process path weekly,Stow to Prime,50,0,2505.19,,
Process path weekly,Stow to Prime,49,0,2242.53,,
Process path weekly,Stow to Prime,48,1,2237.49,,
Process path weekly,Stow to Prime,47,1,2496.58,,
Process path weekly,Stow to Prime,46,1,2647.55,,
Process path weekly,Stow to Prime,45,0,2618.39,,
Process path weekly,Stow to Prime,44,1,3652.63,,
Process path weekly,Stow to Prime,43,0,2176.23,,
Process path weekly,Stow to Prime,42,1,3421.54,,
Process path weekly,Stow to Prime,41,3,3220.19,,
Process path weekly,Stow to Prime,40,0,3840.35,,
Process path weekly,Stow to Prime,39,0,3125.16,,
Process path weekly,Stow to Prime,38,2,2759.49,,
Process path weekly,Stow to Prime,37,1,3597.48,,
Process path weekly,Stow to Prime,36,1,3629.61,,
Process path weekly,Stow to Prime,35,1,3474.71,,
Process path weekly,Stow to Prime,34,0,3799.8,,
Process path weekly,Stow to Prime,33,0,3762.23,,
Process path weekly,Stow to Prime,32,2,3824.37,,
Process path weekly,Stow to Prime,31,1,2645.3,,
Process path weekly,Stow to Prime,30,3,2615.83,,
Process path weekly,Stow to Prime,29,0,3821.3,,
Process path weekly,Stow to Prime,28,0,3487.04,,
Process path weekly,Stow to Prime,27,0,3038.12,,
Process path weekly,Stow to Prime,26,0,3553.07,,
Process path weekly,Stow to Prime,25,0,3955.53,,
Process path weekly,Stow to Prime,24,0,3441.47,,
Process path weekly,Stow to Prime,23,2,3050.12,,
Process path weekly,Stow to Prime,22,1,2386.96,,
Process path weekly,Stow to Prime,21,0,2878.07,,
Process path weekly,Stow to Prime,20,0,2554.81,,
Process path weekly,Stow to Prime,19,1,1869.72,,
Process path weekly,Stow to Prime,18,1,2300.16,,
Process path weekly,Stow to Prime,17,0,1341.05,,
Process path weekly,Stow to Prime,16,1,1461.75,,
Process path weekly,Stow to Prime,15,0,1530.57,,
Process path weekly,Stow to Prime,14,0,1489.12,,
Process path weekly,Stow to Prime,13,0,1173.12,,
Process path weekly,Stow to Prime,12,1,1853.22,,
Process path weekly,Stow to Prime,11,2,2655.75,,
Process path weekly,Stow to Prime,10,2,3281.68,,
Process path weekly,Stow to Prime,9,2,3848.37,,
Process path weekly,Stow to Prime,8,2,3996.37,,
Process path weekly,Stow to Prime,7,1,3141.53,,
Process path weekly,Stow to Prime,6,2,3347.27,,
Process path weekly,Stow to Prime,5,3,3433.4,,
Process path weekly,Stow to Prime,4,0,3985.45,,
Process path weekly,Stow to Prime,3,1,3523.95,,
Process path weekly,Stow to Prime,2,0,2516.51,,
Process path weekly,Stow to Prime,1,0,1562.52,,
Process path weekly,Pack Singles,52,0,1650.21,,
Process path weekly,Pack Singles,51,0,2814.41,,
Process path weekly,Pack Singles,50,0,2772.66,,
Process path weekly,Pack Singles,49,0,3292.86,,
Process path weekly,Pack Singles,48,0,2513.36,,
Process path weekly,Pack Singles,47,0,1867.73,,
Process path weekly,Pack Singles,46,0,1660.07,,
Process path weekly,Pack Singles,45,0,1712.45,,
Process path weekly,Pack Singles,44,0,1591.52,,
Process path weekly,Pack Singles,43,0,1545.48,,
Process path weekly,Pack Singles,42,0,1681.51,,
Process path weekly,Pack Singles,41,0,2433.32,,
Process path weekly,Pack Singles,40,0,1786.15,,
Process path weekly,Pack Singles,39,0,1642.2,,
Process path weekly,Pack Singles,38,0,1826.48,,
Process path weekly,Pack Singles,37,0,1594.33,,
Process path weekly,Pack Singles,36,0,1908.35,,
Process path weekly,Pack Singles,35,0,2172.82,,
Process path weekly,Pack Singles,34,1,1908.6,,
Process path weekly,Pack Singles,33,2,1785.73,,
Process path weekly,Pack Singles,32,1,1964.55,,
Process path weekly,Pack Singles,31,2,1973.2,,
Process path weekly,Pack Singles,30,0,2086.47,,
Process path weekly,Pack Singles,29,0,2700.79,,
Process path weekly,Pack Singles,28,3,3811.69,,
Process path weekly,Pack Singles,27,0,2292.35,,
Process path weekly,Pack Singles,26,0,2760.31,,
Process path weekly,Pack Singles,25,1,2665.65,,
Process path weekly,Pack Singles,24,0,2615.54,,
Process path weekly,Pack Singles,23,0,2492.52,,
Process path weekly,Pack Singles,22,0,2509.33,,
Process path weekly,Pack Singles,21,0,2487.13,,
Process path weekly,Pack Singles,20,0,2526.2,,
Process path weekly,Pack Singles,19,2,2681.71,,
Process path weekly,Pack Singles,18,1,2483.75,,
Process path weekly,Pack Singles,17,1,2348.51,,
Process path weekly,Pack Singles,16,0,2141.9,,
Process path weekly,Pack Singles,15,1,2478.14,,
Process path weekly,Pack Singles,14,0,2429.94,,
Process path weekly,Pack Singles,13,0,2369.07,,
Process path weekly,Pack Singles,12,0,2193.39,,
Process path weekly,Pack Singles,11,0,2081.71,,
Process path weekly,Pack Singles,10,0,2024.51,,
Process path weekly,Pack Singles,9,0,1708.79,,
Process path weekly,Pack Singles,8,0,1503.51,,
Process path weekly,Pack Singles,7,0,1538.63,,
Process path weekly,Pack Singles,6,0,1658.23,,
Process path weekly,Pack Singles,5,1,1547.87,,
Process path weekly,Pack Singles,4,0,1573.36,,
Process path weekly,Pack Singles,3,0,1658.27,,
Process path weekly,Pack Singles,2,0,1763.55,,
Process path weekly,Pack Singles,1,0,1777.24,,
Process path weekly,IC-QA-CS,52,0,1356.99,,
Process path weekly,IC-QA-CS,51,0,2496.76,,
Process path weekly,IC-QA-CS,50,0,2571.85,,
Process path weekly,IC-QA-CS,49,0,2116.59,,
Process path weekly,IC-QA-CS,48,0,2039.2,,
Process path weekly,IC-QA-CS,47,0,1799.92,,
Process path weekly,IC-QA-CS,46,0,1873.35,,
Process path weekly,IC-QA-CS,45,0,1918.99,,
Process path weekly,IC-QA-CS,44,0,1912.29,,
Process path weekly,IC-QA-CS,43,0,1748.36,,
Process path weekly,IC-QA-CS,42,0,1875.45,,
Process path weekly,IC-QA-CS,41,0,2225.07,,
Process path weekly,IC-QA-CS,40,1,1922.29,,
Process path weekly,IC-QA-CS,39,0,1939.48,,
Process path weekly,IC-QA-CS,38,0,1732.92,,
Process path weekly,IC-QA-CS,37,2,1978.93,,
Process path weekly,IC-QA-CS,36,0,1873.13,,
Process path weekly,IC-QA-CS,35,1,1729.58,,
Process path weekly,IC-QA-CS,34,0,1721.82,,
Process path weekly,IC-QA-CS,33,0,1672.98,,
Process path weekly,IC-QA-CS,32,0,1614.33,,
Process path weekly,IC-QA-CS,31,0,1665.79,,
Process path weekly,IC-QA-CS,30,1,1796.15,,
Process path weekly,IC-QA-CS,29,2,2445.09,,
Process path weekly,IC-QA-CS,28,1,2386.02,,
Process path weekly,IC-QA-CS,27,1,1736.01,,
Process path weekly,IC-QA-CS,26,1,1971.44,,
Process path weekly,IC-QA-CS,25,0,2164.68,,
Process path weekly,IC-QA-CS,24,0,1932.21,,
Process path weekly,IC-QA-CS,23,0,2016.24,,
Process path weekly,IC-QA-CS,22,0,2061.49,,
Process path weekly,IC-QA-CS,21,0,2338.35,,
Process path weekly,IC-QA-CS,20,0,2352.87,,
Process path weekly,IC-QA-CS,19,0,2596.47,,
Process path weekly,IC-QA-CS,18,0,2807.17,,
Process path weekly,IC-QA-CS,17,0,2304.32,,
Process path weekly,IC-QA-CS,16,0,1781.25,,
Process path weekly,IC-QA-CS,15,0,1928.08,,
Process path weekly,IC-QA-CS,14,0,1692.26,,
Process path weekly,IC-QA-CS,13,0,1738.14,,
Process path weekly,IC-QA-CS,12,0,2024.94,,
Process path weekly,IC-QA-CS,11,1,2191.77,,
Process path weekly,IC-QA-CS,10,2,1546.99,,
Process path weekly,IC-QA-CS,9,0,1704.04,,
Process path weekly,IC-QA-CS,8,0,1633.6,,
Process path weekly,IC-QA-CS,7,0,1514.55,,
Process path weekly,IC-QA-CS,6,0,1692.05,,
Process path weekly,IC-QA-CS,5,0,1777.37,,
Process path weekly,IC-QA-CS,4,0,2168.5,,
Process path weekly,IC-QA-CS,3,0,1973.69,,
Process path weekly,IC-QA-CS,2,1,2007.77,,
Process path weekly,IC-QA-CS,1,0,1293.2,,
Process path weekly,Container Build,52,0,1083.44,,
Process path weekly,Container Build,51,0,1924.5,,
Process path weekly,Container Build,50,0,1866.97,,
Process path weekly,Container Build,49,1,2442.79,,
Process path weekly,Container Build,48,0,1948.17,,
Process path weekly,Container Build,47,0,1257.83,,
Process path weekly,Container Build,46,0,1097.45,,
Process path weekly,Container Build,45,1,1034.49,,
Process path weekly,Container Build,44,0,983.04,,
Process path weekly,Container Build,43,0,929.1,,
Process path weekly,Container Build,42,0,959.33,,
Process path weekly,Container Build,41,0,1435.6,,
Process path weekly,Container Build,40,0,905.22,,
Process path weekly,Container Build,39,0,881.89,,
Process path weekly,Container Build,38,0,970.76,,
Process path weekly,Container Build,37,0,944.73,,
Process path weekly,Container Build,36,0,1039.88,,
Process path weekly,Container Build,35,0,1274.38,,
Process path weekly,Container Build,34,0,1328.83,,
Process path weekly,Container Build,33,0,1311.0,,
Process path weekly,Container Build,32,0,1319.65,,
Process path weekly,Container Build,31,0,1407.79,,
Process path weekly,Container Build,30,0,1409.26,,
Process path weekly,Container Build,29,2,2078.75,,
Process path weekly,Container Build,28,2,2959.55,,
Process path weekly,Container Build,27,0,1628.26,,
Process path weekly,Container Build,26,1,1940.27,,
Process path weekly,Container Build,25,1,1950.77,,
Process path weekly,Container Build,24,0,1875.56,,
Process path weekly,Container Build,23,0,1736.74,,
Process path weekly,Container Build,22,0,1771.41,,
Process path weekly,Container Build,21,0,1697.1,,
Process path weekly,Container Build,20,0,1722.91,,
Process path weekly,Container Build,19,0,1867.4,,
Process path weekly,Container Build,18,0,1773.34,,
Process path weekly,Container Build,17,0,1676.86,,
Process path weekly,Container Build,16,0,1623.97,,
Process path weekly,Container Build,15,0,1753.0,,
Process path weekly,Container Build,14,0,1701.31,,
Process path weekly,Container Build,13,0,1588.03,,
Process path weekly,Container Build,12,0,1595.13,,
Process path weekly,Container Build,11,0,1634.26,,
Process path weekly,Container Build,10,0,1646.62,,
Process path weekly,Container Build,9,0,1467.95,,
Process path weekly,Container Build,8,0,1329.83,,
Process path weekly,Container Build,7,0,1305.08,,
Process path weekly,Container Build,6,0,1378.37,,
Process path weekly,Container Build,5,0,1308.39,,
Process path weekly,Container Build,4,0,1221.63,,
Process path weekly,Container Build,3,0,1310.64,,
Process path weekly,Container Build,2,0,1355.52,,
Process path weekly,Container Build,1,0,1358.8,,
Process path weekly,RSR Support,52,1,701.28,,
Process path weekly,RSR Support,51,0,1031.91,,
Process path weekly,RSR Support,50,1,1237.56,,
Process path weekly,RSR Support,49,1,1156.33,,
Process path weekly,RSR Support,48,0,1302.33,,
Process path weekly,RSR Support,47,1,1229.9,,
Process path weekly,RSR Support,46,0,1253.02,,
Process path weekly,RSR Support,45,0,1161.3,,
Process path weekly,RSR Support,44,0,1570.63,,
Process path weekly,RSR Support,43,0,972.31,,
Process path weekly,RSR Support,42,0,1280.0,,
Process path weekly,RSR Support,41,0,1472.94,,
Process path weekly,RSR Support,40,0,1570.42,,
Process path weekly,RSR Support,39,0,1198.07,,
Process path weekly,RSR Support,38,1,927.2,,
Process path weekly,RSR Support,37,1,1145.96,,
Process path weekly,RSR Support,36,0,1203.38,,
Process path weekly,RSR Support,35,0,1405.3,,
Process path weekly,RSR Support,34,0,1571.46,,
Process path weekly,RSR Support,33,0,1662.97,,
Process path weekly,RSR Support,32,1,1600.07,,
Process path weekly,RSR Support,31,0,1268.86,,
Process path weekly,RSR Support,30,0,1172.04,,
Process path weekly,RSR Support,29,0,1430.27,,
Process path weekly,RSR Support,28,0,1445.61,,
Process path weekly,RSR Support,27,0,1439.84,,
Process path weekly,RSR Support,26,0,1836.12,,
Process path weekly,RSR Support,25,0,1903.57,,
Process path weekly,RSR Support,24,0,1885.96,,
Process path weekly,RSR Support,23,0,1934.76,,
Process path weekly,RSR Support,22,0,1595.2,,
Process path weekly,RSR Support,21,0,1349.6,,
Process path weekly,RSR Support,20,0,1184.05,,
Process path weekly,RSR Support,19,0,1058.53,,
Process path weekly,RSR Support,18,0,1227.83,,
Process path weekly,RSR Support,17,0,678.81,,
Process path weekly,RSR Support,16,0,585.19,,
Process path weekly,RSR Support,15,0,479.69,,
Process path weekly,RSR Support,14,0,391.8,,
Process path weekly,RSR Support,13,0,220.04,,
Process path weekly,RSR Support,12,1,404.31,,
Process path weekly,RSR Support,11,0,717.18,,
Process path weekly,RSR Support,10,0,1107.06,,
Process path weekly,RSR Support,9,0,1221.39,,
Process path weekly,RSR Support,8,0,1300.42,,
Process path weekly,RSR Support,7,0,1174.34,,
Process path weekly,RSR Support,6,0,1204.88,,
Process path weekly,RSR Support,5,0,1395.07,,
Process path weekly,RSR Support,4,0,1574.86,,
Process path weekly,RSR Support,3,0,1593.97,,
Process path weekly,RSR Support,2,0,1509.55,,
Process path weekly,RSR Support,1,0,1009.61,,
Process path weekly,Fluid Load,52,0,619.59,,
Process path weekly,Fluid Load,51,0,1176.14,,
Process path weekly,Fluid Load,50,0,1291.28,,
Process path weekly,Fluid Load,49,0,1386.29,,
Process path weekly,Fluid Load,48,1,1174.14,,
Process path weekly,Fluid Load,47,0,790.67,,
Process path weekly,Fluid Load,46,0,726.24,,
Process path weekly,Fluid Load,45,0,646.71,,
Process path weekly,Fluid Load,44,0,770.52,,
Process path weekly,Fluid Load,43,1,784.58,,
Process path weekly,Fluid Load,42,0,861.56,,
Process path weekly,Fluid Load,41,0,1058.09,,
Process path weekly,Fluid Load,40,0,811.02,,
Process path weekly,Fluid Load,39,0,734.81,,
Process path weekly,Fluid Load,38,0,701.5,,
Process path weekly,Fluid Load,37,0,671.58,,
Process path weekly,Fluid Load,36,0,975.83,,
Process path weekly,Fluid Load,35,1,979.23,,
Process path weekly,Fluid Load,34,0,829.2,,
Process path weekly,Fluid Load,33,0,819.73,,
Process path weekly,Fluid Load,32,0,950.66,,
Process path weekly,Fluid Load,31,0,943.7,,
Process path weekly,Fluid Load,30,0,1094.65,,
Process path weekly,Fluid Load,29,0,1395.41,,
Process path weekly,Fluid Load,28,0,1674.75,,
Process path weekly,Fluid Load,27,0,970.49,,
Process path weekly,Fluid Load,26,0,1264.57,,
Process path weekly,Fluid Load,25,0,1180.26,,
Process path weekly,Fluid Load,24,0,1242.4,,
Process path weekly,Fluid Load,23,0,1082.81,,
Process path weekly,Fluid Load,22,1,1269.56,,
Process path weekly,Fluid Load,21,0,1070.75,,
Process path weekly,Fluid Load,20,0,1055.48,,
Process path weekly,Fluid Load,19,0,1146.71,,
Process path weekly,Fluid Load,18,0,1152.76,,
Process path weekly,Fluid Load,17,0,874.41,,
Process path weekly,Fluid Load,16,1,1090.89,,
Process path weekly,Fluid Load,15,0,1107.06,,
Process path weekly,Fluid Load,14,0,1195.42,,
Process path weekly,Fluid Load,13,0,1174.52,,
Process path weekly,Fluid Load,12,0,1090.28,,
Process path weekly,Fluid Load,11,0,1266.99,,
Process path weekly,Fluid Load,10,1,1251.07,,
Process path weekly,Fluid Load,9,0,1205.24,,
Process path weekly,Fluid Load,8,0,1048.5,,
Process path weekly,Fluid Load,7,0,1130.09,,
Process path weekly,Fluid Load,6,0,1290.78,,
Process path weekly,Fluid Load,5,0,1355.85,,
Process path weekly,Fluid Load,4,0,1249.11,,
Process path weekly,Fluid Load,3,1,1378.91,,
Process path weekly,Fluid Load,2,0,1488.97,,
Process path weekly,Fluid Load,1,0,1307.53,,
Process path weekly,Each-Receive,52,0,545.76,,
Process path weekly,Each-Receive,51,0,727.95,,
Process path weekly,Each-Receive,50,0,1157.73,,
Process path weekly,Each-Receive,49,0,982.63,,
Process path weekly,Each-Receive,48,0,800.85,,
Process path weekly,Each-Receive,47,0,699.47,,
Process path weekly,Each-Receive,46,0,725.68,,
Process path weekly,Each-Receive,45,0,669.83,,
Process path weekly,Each-Receive,44,0,969.81,,
Process path weekly,Each-Receive,43,0,674.15,,
Process path weekly,Each-Receive,42,1,1173.15,,
Process path weekly,Each-Receive,41,0,1094.32,,
Process path weekly,Each-Receive,40,0,958.75,,
Process path weekly,Each-Receive,39,1,919.73,,
Process path weekly,Each-Receive,38,0,849.7,,
Process path weekly,Each-Receive,37,0,1090.62,,
Process path weekly,Each-Receive,36,0,1091.51,,
Process path weekly,Each-Receive,35,0,1006.85,,
Process path weekly,Each-Receive,34,1,1005.33,,
Process path weekly,Each-Receive,33,0,810.27,,
Process path weekly,Each-Receive,32,2,1061.65,,
Process path weekly,Each-Receive,31,0,905.07,,
Process path weekly,Each-Receive,30,0,1023.08,,
Process path weekly,Each-Receive,29,0,1417.41,,
Process path weekly,Each-Receive,28,0,1142.28,,
Process path weekly,Each-Receive,27,0,992.19,,
Process path weekly,Each-Receive,26,0,1069.25,,
Process path weekly,Each-Receive,25,0,1329.18,,
Process path weekly,Each-Receive,24,0,1314.97,,
Process path weekly,Each-Receive,23,0,1024.2,,
Process path weekly,Each-Receive,22,0,803.34,,
Process path weekly,Each-Receive,21,0,1059.42,,
Process path weekly,Each-Receive,20,0,971.1,,
Process path weekly,Each-Receive,19,0,615.51,,
Process path weekly,Each-Receive,18,0,1001.49,,
Process path weekly,Each-Receive,17,0,642.45,,
Process path weekly,Each-Receive,16,0,713.0,,
Process path weekly,Each-Receive,15,0,665.48,,
Process path weekly,Each-Receive,14,0,757.87,,
Process path weekly,Each-Receive,13,0,579.53,,
Process path weekly,Each-Receive,12,0,659.83,,
Process path weekly,Each-Receive,11,0,824.57,,
Process path weekly,Each-Receive,10,1,996.32,,
Process path weekly,Each-Receive,9,0,1203.72,,
Process path weekly,Each-Receive,8,0,984.6,,
Process path weekly,Each-Receive,7,0,855.36,,
Process path weekly,Each-Receive,6,0,950.16,,
Process path weekly,Each-Receive,5,0,1092.61,,
Process path weekly,Each-Receive,4,1,1382.72,,
Process path weekly,Each-Receive,3,0,1305.3,,
Process path weekly,Each-Receive,2,0,1106.8,,
Process path weekly,Each-Receive,1,0,794.76,,
Process path weekly,Unspecified path,52,0,740.6,,
Process path weekly,Unspecified path,51,0,981.01,,
Process path weekly,Unspecified path,50,0,897.39,,
Process path weekly,Unspecified path,49,0,757.11,,
Process path weekly,Unspecified path,48,0,855.22,,
Process path weekly,Unspecified path,47,0,883.27,,
Process path weekly,Unspecified path,46,0,852.94,,
Process path weekly,Unspecified path,45,0,810.95,,
Process path weekly,Unspecified path,44,0,825.1,,
Process path weekly,Unspecified path,43,0,772.86,,
Process path weekly,Unspecified path,42,0,907.17,,
Process path weekly,Unspecified path,41,0,748.06,,
Process path weekly,Unspecified path,40,0,1002.31,,
Process path weekly,Unspecified path,39,0,927.08,,
Process path weekly,Unspecified path,38,0,1125.88,,
Process path weekly,Unspecified path,37,0,897.9,,
Process path weekly,Unspecified path,36,0,1127.37,,
Process path weekly,Unspecified path,35,0,913.64,,
Process path weekly,Unspecified path,34,0,876.99,,
Process path weekly,Unspecified path,33,0,803.54,,
Process path weekly,Unspecified path,32,0,691.95,,
Process path weekly,Unspecified path,31,0,562.26,,
Process path weekly,Unspecified path,30,0,548.97,,
Process path weekly,Unspecified path,29,0,700.84,,
Process path weekly,Unspecified path,28,0,579.59,,
Process path weekly,Unspecified path,27,0,676.8,,
Process path weekly,Unspecified path,26,0,569.57,,
Process path weekly,Unspecified path,25,0,441.33,,
Process path weekly,Unspecified path,24,0,387.22,,
Process path weekly,Unspecified path,23,0,685.19,,
Process path weekly,Unspecified path,22,0,563.97,,
Process path weekly,Unspecified path,21,0,673.42,,
Process path weekly,Unspecified path,20,0,584.46,,
Process path weekly,Unspecified path,19,0,528.78,,
Process path weekly,Unspecified path,18,0,530.29,,
Process path weekly,Unspecified path,17,0,593.18,,
Process path weekly,Unspecified path,16,0,749.22,,
Process path weekly,Unspecified path,15,0,492.91,,
Process path weekly,Unspecified path,14,0,534.94,,
Process path weekly,Unspecified path,13,0,537.51,,
Process path weekly,Unspecified path,12,0,784.45,,
Process path weekly,Unspecified path,11,0,737.67,,
Process path weekly,Unspecified path,10,0,702.86,,
Process path weekly,Unspecified path,9,0,772.18,,
Process path weekly,Unspecified path,8,0,791.3,,
Process path weekly,Unspecified path,7,0,865.58,,
Process path weekly,Unspecified path,6,0,985.47,,
Process path weekly,Unspecified path,5,0,813.8,,
Process path weekly,Unspecified path,4,0,476.42,,
Process path weekly,Unspecified path,3,0,515.37,,
Process path weekly,Unspecified path,2,0,414.26,,
Process path weekly,Unspecified path,1,0,412.29,,
Process path weekly,Transfer Out,52,0,429.57,,
Process path weekly,Transfer Out,51,0,990.71,,
Process path weekly,Transfer Out,50,0,781.93,,
Process path weekly,Transfer Out,49,0,874.32,,
Process path weekly,Transfer Out,48,0,1009.07,,
Process path weekly,Transfer Out,47,1,904.6,,
Process path weekly,Transfer Out,46,0,913.91,,
Process path weekly,Transfer Out,45,0,890.93,,
Process path weekly,Transfer Out,44,0,813.91,,
Process path weekly,Transfer Out,43,1,627.11,,
Process path weekly,Transfer Out,42,0,711.94,,
Process path weekly,Transfer Out,41,0,797.9,,
Process path weekly,Transfer Out,40,0,993.55,,
Process path weekly,Transfer Out,39,0,917.15,,
Process path weekly,Transfer Out,38,0,1111.37,,
Process path weekly,Transfer Out,37,0,1372.58,,
Process path weekly,Transfer Out,36,0,1334.54,,
Process path weekly,Transfer Out,35,0,997.63,,
Process path weekly,Transfer Out,34,0,826.97,,
Process path weekly,Transfer Out,33,0,1110.91,,
Process path weekly,Transfer Out,32,0,767.51,,
Process path weekly,Transfer Out,31,0,907.47,,
Process path weekly,Transfer Out,30,0,578.02,,
Process path weekly,Transfer Out,29,1,894.71,,
Process path weekly,Transfer Out,28,0,697.54,,
Process path weekly,Transfer Out,27,0,897.55,,
Process path weekly,Transfer Out,26,1,472.48,,
Process path weekly,Transfer Out,25,0,400.94,,
Process path weekly,Transfer Out,24,0,352.51,,
Process path weekly,Transfer Out,23,1,583.59,,
Process path weekly,Transfer Out,22,0,524.68,,
Process path weekly,Transfer Out,21,0,504.93,,
Process path weekly,Transfer Out,20,0,435.81,,
Process path weekly,Transfer Out,19,0,309.12,,
Process path weekly,Transfer Out,18,0,391.54,,
Process path weekly,Transfer Out,17,0,501.65,,
Process path weekly,Transfer Out,16,0,506.07,,
Process path weekly,Transfer Out,15,0,491.18,,
Process path weekly,Transfer Out,14,0,473.58,,
Process path weekly,Transfer Out,13,0,445.06,,
Process path weekly,Transfer Out,12,0,503.29,,
Process path weekly,Transfer Out,11,0,652.88,,
Process path weekly,Transfer Out,10,0,600.78,,
Process path weekly,Transfer Out,9,0,345.35,,
Process path weekly,Transfer Out,8,0,591.08,,
Process path weekly,Transfer Out,7,0,731.37,,
Process path weekly,Transfer Out,6,0,638.08,,
Process path weekly,Transfer Out,5,0,405.25,,
Process path weekly,Transfer Out,4,0,322.6,,
Process path weekly,Transfer Out,3,0,273.45,,
Process path weekly,Transfer Out,2,0,351.87,,
Process path weekly,Transfer Out,1,0,307.72,,
Process path weekly,Each Transfer In,52,0,213.47,,
Process path weekly,Each Transfer In,51,0,705.58,,
Process path weekly,Each Transfer In,50,0,655.76,,
Process path weekly,Each Transfer In,49,0,239.28,,
Process path weekly,Each Transfer In,48,0,366.98,,
Process path weekly,Each Transfer In,47,0,480.53,,
Process path weekly,Each Transfer In,46,0,310.09,,
Process path weekly,Each Transfer In,45,0,363.93,,
Process path weekly,Each Transfer In,44,0,316.3,,
Process path weekly,Each Transfer In,43,0,452.99,,
Process path weekly,Each Transfer In,42,0,363.01,,
Process path weekly,Each Transfer In,41,0,320.52,,
Process path weekly,Each Transfer In,40,0,476.57,,
Process path weekly,Each Transfer In,39,0,264.36,,
Process path weekly,Each Transfer In,38,0,49.62,,
Process path weekly,Each Transfer In,37,0,23.41,,
Process path weekly,Each Transfer In,36,0,15.59,,
Process path weekly,Each Transfer In,35,0,332.96,,
Process path weekly,Each Transfer In,34,0,503.93,,
Process path weekly,Each Transfer In,33,1,1028.5,,
Process path weekly,Each Transfer In,32,1,488.26,,
Process path weekly,Each Transfer In,31,0,894.12,,
Process path weekly,Each Transfer In,30,0,1224.78,,
Process path weekly,Each Transfer In,29,1,1729.09,,
Process path weekly,Each Transfer In,28,0,1367.08,,
Process path weekly,Each Transfer In,27,0,810.96,,
Process path weekly,Each Transfer In,26,0,1258.22,,
Process path weekly,Each Transfer In,25,1,1106.18,,
Process path weekly,Each Transfer In,24,0,902.87,,
Process path weekly,Each Transfer In,23,0,900.98,,
Process path weekly,Each Transfer In,22,0,1288.54,,
Process path weekly,Each Transfer In,21,0,975.54,,
Process path weekly,Each Transfer In,20,0,1031.18,,
Process path weekly,Each Transfer In,19,0,1238.66,,
Process path weekly,Each Transfer In,18,0,924.49,,
Process path weekly,Each Transfer In,17,0,481.53,,
Process path weekly,Each Transfer In,16,0,234.68,,
Process path weekly,Each Transfer In,15,0,36.48,,
Process path weekly,Each Transfer In,12,0,126.63,,
Process path weekly,Each Transfer In,11,0,204.05,,
Process path weekly,Each Transfer In,10,2,692.55,,
Process path weekly,Each Transfer In,9,0,720.68,,
Process path weekly,Each Transfer In,8,0,1264.03,,
Process path weekly,Each Transfer In,7,0,919.44,,
Process path weekly,Each Transfer In,6,0,825.73,,
Process path weekly,Each Transfer In,5,2,1144.89,,
Process path weekly,Each Transfer In,4,0,902.46,,
Process path weekly,Each Transfer In,3,0,1084.12,,
Process path weekly,Each Transfer In,2,0,1163.73,,
Process path weekly,Each Transfer In,1,0,709.79,,
Process path weekly,Pick Support,52,0,300.82,,
Process path weekly,Pick Support,51,0,521.5,,
Process path weekly,Pick Support,50,0,544.16,,
Process path weekly,Pick Support,49,0,630.12,,
Process path weekly,Pick Support,48,0,585.19,,
Process path weekly,Pick Support,47,0,425.94,,
Process path weekly,Pick Support,46,0,434.61,,
Process path weekly,Pick Support,45,0,380.14,,
Process path weekly,Pick Support,44,0,433.24,,
Process path weekly,Pick Support,43,0,395.33,,
Process path weekly,Pick Support,42,0,513.11,,
Process path weekly,Pick Support,41,1,563.35,,
Process path weekly,Pick Support,40,0,440.46,,
Process path weekly,Pick Support,39,0,535.37,,
Process path weekly,Pick Support,38,0,475.5,,
Process path weekly,Pick Support,37,0,362.25,,
Process path weekly,Pick Support,36,1,503.23,,
Process path weekly,Pick Support,35,0,504.14,,
Process path weekly,Pick Support,34,0,447.27,,
Process path weekly,Pick Support,33,0,469.4,,
Process path weekly,Pick Support,32,0,471.39,,
Process path weekly,Pick Support,31,0,395.27,,
Process path weekly,Pick Support,30,0,400.38,,
Process path weekly,Pick Support,29,0,515.11,,
Process path weekly,Pick Support,28,0,657.61,,
Process path weekly,Pick Support,27,0,410.1,,
Process path weekly,Pick Support,26,0,635.22,,
Process path weekly,Pick Support,25,0,494.96,,
Process path weekly,Pick Support,24,0,660.09,,
Process path weekly,Pick Support,23,0,551.11,,
Process path weekly,Pick Support,22,0,546.47,,
Process path weekly,Pick Support,21,0,490.75,,
Process path weekly,Pick Support,20,0,501.12,,
Process path weekly,Pick Support,19,0,487.89,,
Process path weekly,Pick Support,18,0,624.52,,
Process path weekly,Pick Support,17,0,856.59,,
Process path weekly,Pick Support,16,0,1345.17,,
Process path weekly,Pick Support,15,0,1255.65,,
Process path weekly,Pick Support,14,0,1401.35,,
Process path weekly,Pick Support,13,0,917.52,,
Process path weekly,Pick Support,12,0,1072.3,,
Process path weekly,Pick Support,11,0,675.92,,
Process path weekly,Pick Support,10,0,650.93,,
Process path weekly,Pick Support,9,0,634.05,,
Process path weekly,Pick Support,8,0,661.4,,
Process path weekly,Pick Support,7,0,611.8,,
Process path weekly,Pick Support,6,0,691.79,,
Process path weekly,Pick Support,5,0,695.12,,
Process path weekly,Pick Support,4,0,744.6,,
Process path weekly,Pick Support,3,0,815.06,,
Process path weekly,Pick Support,2,0,987.27,,
Process path weekly,Pick Support,1,0,606.25,,
Process path weekly,Pack Support,52,0,415.89,,
Process path weekly,Pack Support,51,0,674.69,,
Process path weekly,Pack Support,50,0,755.44,,
Process path weekly,Pack Support,49,0,888.94,,
Process path weekly,Pack Support,48,0,817.17,,
Process path weekly,Pack Support,47,0,558.68,,
Process path weekly,Pack Support,46,0,487.49,,
Process path weekly,Pack Support,45,0,500.07,,
Process path weekly,Pack Support,44,0,468.61,,
Process path weekly,Pack Support,43,0,438.08,,
Process path weekly,Pack Support,42,0,518.44,,
Process path weekly,Pack Support,41,0,646.84,,
Process path weekly,Pack Support,40,0,493.98,,
Process path weekly,Pack Support,39,0,479.18,,
Process path weekly,Pack Support,38,0,515.91,,
Process path weekly,Pack Support,37,0,428.99,,
Process path weekly,Pack Support,36,0,525.96,,
Process path weekly,Pack Support,35,0,602.45,,
Process path weekly,Pack Support,34,0,531.11,,
Process path weekly,Pack Support,33,0,488.97,,
Process path weekly,Pack Support,32,0,487.86,,
Process path weekly,Pack Support,31,0,562.93,,
Process path weekly,Pack Support,30,0,564.47,,
Process path weekly,Pack Support,29,0,691.37,,
Process path weekly,Pack Support,28,0,1030.02,,
Process path weekly,Pack Support,27,0,599.67,,
Process path weekly,Pack Support,26,0,713.19,,
Process path weekly,Pack Support,25,0,672.94,,
Process path weekly,Pack Support,24,0,695.11,,
Process path weekly,Pack Support,23,0,604.89,,
Process path weekly,Pack Support,22,0,662.15,,
Process path weekly,Pack Support,21,0,638.28,,
Process path weekly,Pack Support,20,0,684.63,,
Process path weekly,Pack Support,19,0,648.9,,
Process path weekly,Pack Support,18,0,640.73,,
Process path weekly,Pack Support,17,0,594.35,,
Process path weekly,Pack Support,16,0,566.74,,
Process path weekly,Pack Support,15,0,590.29,,
Process path weekly,Pack Support,14,0,656.22,,
Process path weekly,Pack Support,13,1,649.51,,
Process path weekly,Pack Support,12,0,655.36,,
Process path weekly,Pack Support,11,0,618.4,,
Process path weekly,Pack Support,10,0,658.66,,
Process path weekly,Pack Support,9,0,627.49,,
Process path weekly,Pack Support,8,0,558.03,,
Process path weekly,Pack Support,7,0,567.23,,
Process path weekly,Pack Support,6,0,584.72,,
Process path weekly,Pack Support,5,0,531.73,,
Process path weekly,Pack Support,4,0,583.21,,
Process path weekly,Pack Support,3,0,658.93,,
Process path weekly,Pack Support,2,0,689.07,,
Process path weekly,Pack Support,1,0,569.7,,
Process path weekly,Receive Dock,52,0,277.88,,
Process path weekly,Receive Dock,51,0,496.83,,
Process path weekly,Receive Dock,50,0,642.73,,
Process path weekly,Receive Dock,49,0,571.61,,
Process path weekly,Receive Dock,48,0,405.97,,
Process path weekly,Receive Dock,47,0,484.54,,
Process path weekly,Receive Dock,46,0,397.02,,
Process path weekly,Receive Dock,45,0,348.45,,
Process path weekly,Receive Dock,44,0,482.68,,
Process path weekly,Receive Dock,43,0,313.38,,
Process path weekly,Receive Dock,42,0,477.45,,
Process path weekly,Receive Dock,41,0,480.63,,
Process path weekly,Receive Dock,40,0,496.3,,
Process path weekly,Receive Dock,39,0,483.22,,
Process path weekly,Receive Dock,38,0,437.35,,
Process path weekly,Receive Dock,37,0,446.39,,
Process path weekly,Receive Dock,36,0,607.21,,
Process path weekly,Receive Dock,35,0,571.13,,
Process path weekly,Receive Dock,34,0,518.86,,
Process path weekly,Receive Dock,33,0,505.3,,
Process path weekly,Receive Dock,32,0,516.67,,
Process path weekly,Receive Dock,31,0,398.62,,
Process path weekly,Receive Dock,30,0,417.32,,
Process path weekly,Receive Dock,29,0,555.85,,
Process path weekly,Receive Dock,28,0,440.38,,
Process path weekly,Receive Dock,27,0,376.13,,
Process path weekly,Receive Dock,26,0,568.15,,
Process path weekly,Receive Dock,25,0,739.68,,
Process path weekly,Receive Dock,24,0,603.52,,
Process path weekly,Receive Dock,23,0,551.11,,
Process path weekly,Receive Dock,22,0,465.26,,
Process path weekly,Receive Dock,21,0,551.24,,
Process path weekly,Receive Dock,20,0,479.97,,
Process path weekly,Receive Dock,19,0,388.89,,
Process path weekly,Receive Dock,18,0,358.37,,
Process path weekly,Receive Dock,17,0,162.65,,
Process path weekly,Receive Dock,16,0,184.77,,
Process path weekly,Receive Dock,15,0,292.14,,
Process path weekly,Receive Dock,14,0,319.03,,
Process path weekly,Receive Dock,13,0,118.5,,
Process path weekly,Receive Dock,12,0,134.09,,
Process path weekly,Receive Dock,11,0,349.9,,
Process path weekly,Receive Dock,10,0,656.67,,
Process path weekly,Receive Dock,9,0,576.11,,
Process path weekly,Receive Dock,8,0,639.17,,
Process path weekly,Receive Dock,7,0,465.92,,
Process path weekly,Receive Dock,6,0,456.74,,
Process path weekly,Receive Dock,5,0,506.15,,
Process path weekly,Receive Dock,4,0,652.7,,
Process path weekly,Receive Dock,3,0,591.0,,
Process path weekly,Receive Dock,2,0,527.13,,
Process path weekly,Receive Dock,1,0,480.92,,
Process path weekly,Receive-Support,52,0,254.33,,
Process path weekly,Receive-Support,51,0,348.13,,
Process path weekly,Receive-Support,50,1,523.53,,
Process path weekly,Receive-Support,49,0,460.06,,
Process path weekly,Receive-Support,48,0,467.41,,
Process path weekly,Receive-Support,47,0,401.98,,
Process path weekly,Receive-Support,46,0,611.72,,
Process path weekly,Receive-Support,45,0,435.45,,
Process path weekly,Receive-Support,44,0,503.25,,
Process path weekly,Receive-Support,43,0,344.26,,
Process path weekly,Receive-Support,42,0,616.7,,
Process path weekly,Receive-Support,41,0,556.46,,
Process path weekly,Receive-Support,40,0,451.8,,
Process path weekly,Receive-Support,39,0,449.68,,
Process path weekly,Receive-Support,38,0,431.74,,
Process path weekly,Receive-Support,37,0,481.0,,
Process path weekly,Receive-Support,36,0,603.16,,
Process path weekly,Receive-Support,35,0,515.46,,
Process path weekly,Receive-Support,34,0,520.25,,
Process path weekly,Receive-Support,33,0,487.1,,
Process path weekly,Receive-Support,32,0,478.37,,
Process path weekly,Receive-Support,31,0,341.12,,
Process path weekly,Receive-Support,30,0,450.64,,
Process path weekly,Receive-Support,29,1,503.62,,
Process path weekly,Receive-Support,28,0,421.52,,
Process path weekly,Receive-Support,27,0,314.44,,
Process path weekly,Receive-Support,26,0,539.13,,
Process path weekly,Receive-Support,25,0,589.64,,
Process path weekly,Receive-Support,24,1,515.05,,
Process path weekly,Receive-Support,23,0,428.98,,
Process path weekly,Receive-Support,22,0,358.35,,
Process path weekly,Receive-Support,21,0,430.04,,
Process path weekly,Receive-Support,20,0,369.71,,
Process path weekly,Receive-Support,19,0,282.53,,
Process path weekly,Receive-Support,18,0,352.09,,
Process path weekly,Receive-Support,17,0,215.53,,
Process path weekly,Receive-Support,16,0,266.7,,
Process path weekly,Receive-Support,15,0,331.7,,
Process path weekly,Receive-Support,14,0,434.54,,
Process path weekly,Receive-Support,13,0,151.0,,
Process path weekly,Receive-Support,12,0,236.81,,
Process path weekly,Receive-Support,11,0,261.3,,
Process path weekly,Receive-Support,10,0,471.68,,
Process path weekly,Receive-Support,9,0,493.52,,
Process path weekly,Receive-Support,8,0,480.69,,
Process path weekly,Receive-Support,7,0,393.38,,
Process path weekly,Receive-Support,6,0,350.77,,
Process path weekly,Receive-Support,5,0,483.31,,
Process path weekly,Receive-Support,4,0,493.12,,
Process path weekly,Receive-Support,3,0,598.65,,
Process path weekly,Receive-Support,2,0,442.83,,
Process path weekly,Receive-Support,1,0,408.68,,
Process path weekly,Pack Multis,52,0,296.33,,
Process path weekly,Pack Multis,51,0,538.4,,
Process path weekly,Pack Multis,50,0,656.64,,
Process path weekly,Pack Multis,49,0,850.21,,
Process path weekly,Pack Multis,48,0,638.16,,
Process path weekly,Pack Multis,47,0,368.58,,
Process path weekly,Pack Multis,46,0,283.35,,
Process path weekly,Pack Multis,45,0,280.12,,
Process path weekly,Pack Multis,44,0,345.75,,
Process path weekly,Pack Multis,43,0,368.37,,
Process path weekly,Pack Multis,42,0,384.81,,
Process path weekly,Pack Multis,41,1,524.52,,
Process path weekly,Pack Multis,40,0,356.1,,
Process path weekly,Pack Multis,39,0,344.12,,
Process path weekly,Pack Multis,38,0,363.49,,
Process path weekly,Pack Multis,37,0,344.99,,
Process path weekly,Pack Multis,36,0,425.64,,
Process path weekly,Pack Multis,35,1,402.06,,
Process path weekly,Pack Multis,34,0,404.39,,
Process path weekly,Pack Multis,33,0,387.32,,
Process path weekly,Pack Multis,32,0,340.78,,
Process path weekly,Pack Multis,31,0,314.8,,
Process path weekly,Pack Multis,30,0,331.12,,
Process path weekly,Pack Multis,29,0,477.84,,
Process path weekly,Pack Multis,28,0,623.65,,
Process path weekly,Pack Multis,27,0,320.65,,
Process path weekly,Pack Multis,26,0,390.04,,
Process path weekly,Pack Multis,25,0,387.56,,
Process path weekly,Pack Multis,24,0,379.3,,
Process path weekly,Pack Multis,23,0,385.33,,
Process path weekly,Pack Multis,22,0,377.34,,
Process path weekly,Pack Multis,21,0,350.22,,
Process path weekly,Pack Multis,20,0,365.58,,
Process path weekly,Pack Multis,19,1,370.97,,
Process path weekly,Pack Multis,18,0,326.12,,
Process path weekly,Pack Multis,17,0,318.05,,
Process path weekly,Pack Multis,16,0,315.56,,
Process path weekly,Pack Multis,15,0,385.13,,
Process path weekly,Pack Multis,14,0,428.21,,
Process path weekly,Pack Multis,13,0,388.05,,
Process path weekly,Pack Multis,12,0,471.05,,
Process path weekly,Pack Multis,11,0,497.81,,
Process path weekly,Pack Multis,10,0,530.39,,
Process path weekly,Pack Multis,9,0,589.98,,
Process path weekly,Pack Multis,8,0,507.72,,
Process path weekly,Pack Multis,7,0,461.02,,
Process path weekly,Pack Multis,6,0,498.68,,
Process path weekly,Pack Multis,5,0,492.16,,
Process path weekly,Pack Multis,4,0,444.95,,
Process path weekly,Pack Multis,3,0,487.11,,
Process path weekly,Pack Multis,2,0,500.48,,
Process path weekly,Pack Multis,1,0,422.9,,
Process path weekly,IB Problem Solve,52,0,148.0,,
Process path weekly,IB Problem Solve,51,0,426.15,,
Process path weekly,IB Problem Solve,50,0,496.69,,
Process path weekly,IB Problem Solve,49,0,419.66,,
Process path weekly,IB Problem Solve,48,0,420.93,,
Process path weekly,IB Problem Solve,47,0,445.46,,
Process path weekly,IB Problem Solve,46,0,426.98,,
Process path weekly,IB Problem Solve,45,0,338.49,,
Process path weekly,IB Problem Solve,44,0,442.15,,
Process path weekly,IB Problem Solve,43,0,341.22,,
Process path weekly,IB Problem Solve,42,0,453.85,,
Process path weekly,IB Problem Solve,41,0,450.82,,
Process path weekly,IB Problem Solve,40,0,364.33,,
Process path weekly,IB Problem Solve,39,0,312.9,,
Process path weekly,IB Problem Solve,38,0,324.04,,
Process path weekly,IB Problem Solve,37,0,449.66,,
Process path weekly,IB Problem Solve,36,0,450.12,,
Process path weekly,IB Problem Solve,35,0,363.85,,
Process path weekly,IB Problem Solve,34,0,457.2,,
Process path weekly,IB Problem Solve,33,0,439.7,,
Process path weekly,IB Problem Solve,32,0,455.4,,
Process path weekly,IB Problem Solve,31,0,503.94,,
Process path weekly,IB Problem Solve,30,0,406.29,,
Process path weekly,IB Problem Solve,29,0,531.85,,
Process path weekly,IB Problem Solve,28,0,505.04,,
Process path weekly,IB Problem Solve,27,0,400.87,,
Process path weekly,IB Problem Solve,26,0,545.63,,
Process path weekly,IB Problem Solve,25,0,615.09,,
Process path weekly,IB Problem Solve,24,0,587.58,,
Process path weekly,IB Problem Solve,23,0,537.47,,
Process path weekly,IB Problem Solve,22,0,505.41,,
Process path weekly,IB Problem Solve,21,0,537.45,,
Process path weekly,IB Problem Solve,20,0,404.77,,
Process path weekly,IB Problem Solve,19,0,417.82,,
Process path weekly,IB Problem Solve,18,0,383.32,,
Process path weekly,IB Problem Solve,17,0,230.37,,
Process path weekly,IB Problem Solve,16,0,273.53,,
Process path weekly,IB Problem Solve,15,0,250.59,,
Process path weekly,IB Problem Solve,14,0,261.5,,
Process path weekly,IB Problem Solve,13,0,254.99,,
Process path weekly,IB Problem Solve,12,0,294.28,,
Process path weekly,IB Problem Solve,11,0,293.36,,
Process path weekly,IB Problem Solve,10,0,428.56,,
Process path weekly,IB Problem Solve,9,0,387.51,,
Process path weekly,IB Problem Solve,8,0,430.12,,
Process path weekly,IB Problem Solve,7,0,380.38,,
Process path weekly,IB Problem Solve,6,0,334.77,,
Process path weekly,IB Problem Solve,5,0,351.11,,
Process path weekly,IB Problem Solve,4,0,397.74,,
Process path weekly,IB Problem Solve,3,0,468.85,,
Process path weekly,IB Problem Solve,2,0,430.44,,
Process path weekly,IB Problem Solve,1,0,340.78,,
Process path weekly,Transfer In Dock,52,0,181.83,,
Process path weekly,Transfer In Dock,51,0,477.82,,
Process path weekly,Transfer In Dock,50,0,462.27,,
Process path weekly,Transfer In Dock,49,0,211.57,,
Process path weekly,Transfer In Dock,48,0,215.55,,
Process path weekly,Transfer In Dock,47,0,318.45,,
Process path weekly,Transfer In Dock,46,0,139.17,,
Process path weekly,Transfer In Dock,45,0,149.99,,
Process path weekly,Transfer In Dock,44,0,176.43,,
Process path weekly,Transfer In Dock,43,0,241.57,,
Process path weekly,Transfer In Dock,42,0,208.43,,
Process path weekly,Transfer In Dock,41,0,205.18,,
Process path weekly,Transfer In Dock,40,0,272.72,,
Process path weekly,Transfer In Dock,39,0,155.4,,
Process path weekly,Transfer In Dock,38,0,37.11,,
Process path weekly,Transfer In Dock,37,0,11.08,,
Process path weekly,Transfer In Dock,36,0,4.09,,
Process path weekly,Transfer In Dock,35,1,145.26,,
Process path weekly,Transfer In Dock,34,0,264.58,,
Process path weekly,Transfer In Dock,33,0,515.03,,
Process path weekly,Transfer In Dock,32,0,278.3,,
Process path weekly,Transfer In Dock,31,1,527.24,,
Process path weekly,Transfer In Dock,30,0,774.64,,
Process path weekly,Transfer In Dock,29,1,1049.66,,
Process path weekly,Transfer In Dock,28,0,834.57,,
Process path weekly,Transfer In Dock,27,0,502.22,,
Process path weekly,Transfer In Dock,26,0,810.8,,
Process path weekly,Transfer In Dock,25,0,627.66,,
Process path weekly,Transfer In Dock,24,0,544.8,,
Process path weekly,Transfer In Dock,23,0,619.49,,
Process path weekly,Transfer In Dock,22,0,863.03,,
Process path weekly,Transfer In Dock,21,0,617.39,,
Process path weekly,Transfer In Dock,20,0,698.43,,
Process path weekly,Transfer In Dock,19,0,822.29,,
Process path weekly,Transfer In Dock,18,0,590.35,,
Process path weekly,Transfer In Dock,17,0,289.39,,
Process path weekly,Transfer In Dock,16,0,150.98,,
Process path weekly,Transfer In Dock,15,0,21.44,,
Process path weekly,Transfer In Dock,12,0,58.64,,
Process path weekly,Transfer In Dock,11,0,88.36,,
Process path weekly,Transfer In Dock,10,1,395.68,,
Process path weekly,Transfer In Dock,9,0,356.92,,
Process path weekly,Transfer In Dock,8,0,642.4,,
Process path weekly,Transfer In Dock,7,0,418.43,,
Process path weekly,Transfer In Dock,6,0,427.05,,
Process path weekly,Transfer In Dock,5,0,681.42,,
Process path weekly,Transfer In Dock,4,0,553.02,,
Process path weekly,Transfer In Dock,3,0,673.24,,
Process path weekly,Transfer In Dock,2,0,813.69,,
Process path weekly,Transfer In Dock,1,0,597.75,,
Process path weekly,Transfer Out Dock,52,0,539.46,,
Process path weekly,Transfer Out Dock,51,0,661.73,,
Process path weekly,Transfer Out Dock,50,0,654.91,,
Process path weekly,Transfer Out Dock,49,0,723.14,,
Process path weekly,Transfer Out Dock,48,0,915.15,,
Process path weekly,Transfer Out Dock,47,0,623.54,,
Process path weekly,Transfer Out Dock,46,0,822.34,,
Process path weekly,Transfer Out Dock,45,0,681.81,,
Process path weekly,Transfer Out Dock,44,0,611.11,,
Process path weekly,Transfer Out Dock,43,0,605.63,,
Process path weekly,Transfer Out Dock,42,1,519.72,,
Process path weekly,Transfer Out Dock,41,0,350.32,,
Process path weekly,Transfer Out Dock,40,0,471.87,,
Process path weekly,Transfer Out Dock,39,0,635.73,,
Process path weekly,Transfer Out Dock,38,0,694.71,,
Process path weekly,Transfer Out Dock,37,0,900.56,,
Process path weekly,Transfer Out Dock,36,0,341.61,,
Process path weekly,Transfer Out Dock,35,0,186.85,,
Process path weekly,Transfer Out Dock,34,0,367.48,,
Process path weekly,Transfer Out Dock,33,0,262.65,,
Process path weekly,Transfer Out Dock,32,0,322.51,,
Process path weekly,Transfer Out Dock,31,0,292.3,,
Process path weekly,Transfer Out Dock,30,0,228.75,,
Process path weekly,Transfer Out Dock,29,1,341.79,,
Process path weekly,Transfer Out Dock,28,0,335.06,,
Process path weekly,Transfer Out Dock,27,0,383.83,,
Process path weekly,Transfer Out Dock,26,0,180.42,,
Process path weekly,Transfer Out Dock,25,0,229.5,,
Process path weekly,Transfer Out Dock,24,0,120.2,,
Process path weekly,Transfer Out Dock,23,0,264.62,,
Process path weekly,Transfer Out Dock,22,0,73.08,,
Process path weekly,Transfer Out Dock,21,0,215.86,,
Process path weekly,Transfer Out Dock,20,0,278.77,,
Process path weekly,Transfer Out Dock,19,0,410.41,,
Process path weekly,Transfer Out Dock,18,0,377.76,,
Process path weekly,Transfer Out Dock,17,0,495.85,,
Process path weekly,Transfer Out Dock,16,0,337.27,,
Process path weekly,Transfer Out Dock,15,0,175.23,,
Process path weekly,Transfer Out Dock,14,0,46.09,,
Process path weekly,Transfer Out Dock,13,0,133.7,,
Process path weekly,Transfer Out Dock,12,0,148.57,,
Process path weekly,Transfer Out Dock,11,0,402.49,,
Process path weekly,Transfer Out Dock,10,0,242.44,,
Process path weekly,Transfer Out Dock,9,0,235.53,,
Process path weekly,Transfer Out Dock,8,0,179.58,,
Process path weekly,Transfer Out Dock,7,0,203.25,,
Process path weekly,Transfer Out Dock,6,0,247.16,,
Process path weekly,Transfer Out Dock,5,0,174.09,,
Process path weekly,Transfer Out Dock,4,0,48.62,,
Process path weekly,Transfer Out Dock,3,0,168.64,,
Process path weekly,Transfer Out Dock,2,0,119.77,,
Process path weekly,Transfer Out Dock,1,0,117.18,,
Process path weekly,Outbound Lead/PA,52,0,219.55,,
Process path weekly,Outbound Lead/PA,51,0,365.93,,
Process path weekly,Outbound Lead/PA,50,0,378.73,,
Process path weekly,Outbound Lead/PA,49,0,393.53,,
Process path weekly,Outbound Lead/PA,48,0,383.99,,
Process path weekly,Outbound Lead/PA,47,0,333.01,,
Process path weekly,Outbound Lead/PA,46,0,303.01,,
Process path weekly,Outbound Lead/PA,45,0,312.46,,
Process path weekly,Outbound Lead/PA,44,0,300.58,,
Process path weekly,Outbound Lead/PA,43,0,332.47,,
Process path weekly,Outbound Lead/PA,42,0,315.66,,
Process path weekly,Outbound Lead/PA,41,0,364.86,,
Process path weekly,Outbound Lead/PA,40,0,270.43,,
Process path weekly,Outbound Lead/PA,39,0,272.72,,
Process path weekly,Outbound Lead/PA,38,0,298.36,,
Process path weekly,Outbound Lead/PA,37,0,311.46,,
Process path weekly,Outbound Lead/PA,36,0,327.13,,
Process path weekly,Outbound Lead/PA,35,0,326.04,,
Process path weekly,Outbound Lead/PA,34,0,264.08,,
Process path weekly,Outbound Lead/PA,33,0,299.61,,
Process path weekly,Outbound Lead/PA,32,0,308.69,,
Process path weekly,Outbound Lead/PA,31,0,326.5,,
Process path weekly,Outbound Lead/PA,30,0,338.36,,
Process path weekly,Outbound Lead/PA,29,0,338.37,,
Process path weekly,Outbound Lead/PA,28,0,406.55,,
Process path weekly,Outbound Lead/PA,27,0,322.03,,
Process path weekly,Outbound Lead/PA,26,0,413.15,,
Process path weekly,Outbound Lead/PA,25,0,327.13,,
Process path weekly,Outbound Lead/PA,24,0,321.53,,
Process path weekly,Outbound Lead/PA,23,0,310.11,,
Process path weekly,Outbound Lead/PA,22,0,361.02,,
Process path weekly,Outbound Lead/PA,21,0,346.54,,
Process path weekly,Outbound Lead/PA,20,0,350.42,,
Process path weekly,Outbound Lead/PA,19,0,386.03,,
Process path weekly,Outbound Lead/PA,18,0,391.76,,
Process path weekly,Outbound Lead/PA,17,0,297.27,,
Process path weekly,Outbound Lead/PA,16,0,373.19,,
Process path weekly,Outbound Lead/PA,15,0,351.23,,
Process path weekly,Outbound Lead/PA,14,0,302.59,,
Process path weekly,Outbound Lead/PA,13,0,297.95,,
Process path weekly,Outbound Lead/PA,12,0,271.75,,
Process path weekly,Outbound Lead/PA,11,0,290.93,,
Process path weekly,Outbound Lead/PA,10,0,274.32,,
Process path weekly,Outbound Lead/PA,9,0,320.11,,
Process path weekly,Outbound Lead/PA,8,0,340.39,,
Process path weekly,Outbound Lead/PA,7,0,294.22,,
Process path weekly,Outbound Lead/PA,6,0,308.8,,
Process path weekly,Outbound Lead/PA,5,0,282.44,,
Process path weekly,Outbound Lead/PA,4,0,298.81,,
Process path weekly,Outbound Lead/PA,3,0,396.52,,
Process path weekly,Outbound Lead/PA,2,0,367.01,,
Process path weekly,Outbound Lead/PA,1,0,265.21,,
Process path weekly,Container Load,52,0,199.84,,
Process path weekly,Container Load,51,0,387.3,,
Process path weekly,Container Load,50,0,386.52,,
Process path weekly,Container Load,49,0,519.37,,
Process path weekly,Container Load,48,0,373.49,,
Process path weekly,Container Load,47,0,257.12,,
Process path weekly,Container Load,46,0,201.17,,
Process path weekly,Container Load,45,0,235.36,,
Process path weekly,Container Load,44,0,207.11,,
Process path weekly,Container Load,43,0,180.67,,
Process path weekly,Container Load,42,0,204.21,,
Process path weekly,Container Load,41,0,277.16,,
Process path weekly,Container Load,40,0,197.98,,
Process path weekly,Container Load,39,0,198.11,,
Process path weekly,Container Load,38,0,213.14,,
Process path weekly,Container Load,37,0,226.76,,
Process path weekly,Container Load,36,0,240.28,,
Process path weekly,Container Load,35,0,275.72,,
Process path weekly,Container Load,34,0,266.38,,
Process path weekly,Container Load,33,0,264.33,,
Process path weekly,Container Load,32,0,257.71,,
Process path weekly,Container Load,31,0,299.28,,
Process path weekly,Container Load,30,0,328.75,,
Process path weekly,Container Load,29,0,492.31,,
Process path weekly,Container Load,28,0,662.49,,
Process path weekly,Container Load,27,0,405.98,,
Process path weekly,Container Load,26,0,435.71,,
Process path weekly,Container Load,25,0,473.07,,
Process path weekly,Container Load,24,0,452.63,,
Process path weekly,Container Load,23,0,419.28,,
Process path weekly,Container Load,22,0,394.69,,
Process path weekly,Container Load,21,0,385.03,,
Process path weekly,Container Load,20,0,379.56,,
Process path weekly,Container Load,19,0,412.18,,
Process path weekly,Container Load,18,0,385.75,,
Process path weekly,Container Load,17,0,385.97,,
Process path weekly,Container Load,16,0,366.57,,
Process path weekly,Container Load,15,0,397.34,,
Process path weekly,Container Load,14,0,448.13,,
Process path weekly,Container Load,13,0,392.78,,
Process path weekly,Container Load,12,0,350.87,,
Process path weekly,Container Load,11,0,320.34,,
Process path weekly,Container Load,10,0,294.67,,
Process path weekly,Container Load,9,0,289.03,,
Process path weekly,Container Load,8,0,296.22,,
Process path weekly,Container Load,7,0,248.33,,
Process path weekly,Container Load,6,0,248.05,,
Process path weekly,Container Load,5,0,223.02,,
Process path weekly,Container Load,4,0,224.54,,
Process path weekly,Container Load,3,0,263.64,,
Process path weekly,Container Load,2,0,286.51,,
Process path weekly,Container Load,1,0,280.07,,
Process path weekly,Ship Dock Support,52,0,242.65,,
Process path weekly,Ship Dock Support,51,0,364.87,,
Process path weekly,Ship Dock Support,50,0,478.23,,
Process path weekly,Ship Dock Support,49,1,384.45,,
Process path weekly,Ship Dock Support,48,0,405.68,,
Process path weekly,Ship Dock Support,47,0,393.44,,
Process path weekly,Ship Dock Support,46,0,263.13,,
Process path weekly,Ship Dock Support,45,0,354.52,,
Process path weekly,Ship Dock Support,44,0,277.29,,
Process path weekly,Ship Dock Support,43,0,431.68,,
Process path weekly,Ship Dock Support,42,0,456.36,,
Process path weekly,Ship Dock Support,41,0,748.98,,
Process path weekly,Ship Dock Support,40,0,501.63,,
Process path weekly,Ship Dock Support,39,0,392.65,,
Process path weekly,Ship Dock Support,38,0,445.79,,
Process path weekly,Ship Dock Support,37,0,190.4,,
Process path weekly,Ship Dock Support,36,0,378.11,,
Process path weekly,Ship Dock Support,35,0,317.86,,
Process path weekly,Ship Dock Support,34,0,160.85,,
Process path weekly,Ship Dock Support,33,0,138.66,,
Process path weekly,Ship Dock Support,32,0,132.48,,
Process path weekly,Ship Dock Support,31,0,183.88,,
Process path weekly,Ship Dock Support,30,0,155.92,,
Process path weekly,Ship Dock Support,29,0,157.46,,
Process path weekly,Ship Dock Support,28,0,260.02,,
Process path weekly,Ship Dock Support,27,0,200.16,,
Process path weekly,Ship Dock Support,26,0,216.37,,
Process path weekly,Ship Dock Support,25,0,305.68,,
Process path weekly,Ship Dock Support,24,0,259.35,,
Process path weekly,Ship Dock Support,23,0,279.58,,
Process path weekly,Ship Dock Support,22,0,193.69,,
Process path weekly,Ship Dock Support,21,0,316.38,,
Process path weekly,Ship Dock Support,20,0,235.42,,
Process path weekly,Ship Dock Support,19,0,269.29,,
Process path weekly,Ship Dock Support,18,0,201.24,,
Process path weekly,Ship Dock Support,17,0,213.83,,
Process path weekly,Ship Dock Support,16,0,243.75,,
Process path weekly,Ship Dock Support,15,0,310.37,,
Process path weekly,Ship Dock Support,14,0,250.95,,
Process path weekly,Ship Dock Support,13,0,207.54,,
Process path weekly,Ship Dock Support,12,0,217.8,,
Process path weekly,Ship Dock Support,11,0,116.76,,
Process path weekly,Ship Dock Support,10,0,195.54,,
Process path weekly,Ship Dock Support,9,0,150.22,,
Process path weekly,Ship Dock Support,8,0,205.11,,
Process path weekly,Ship Dock Support,7,0,169.99,,
Process path weekly,Ship Dock Support,6,0,125.79,,
Process path weekly,Ship Dock Support,5,0,125.07,,
Process path weekly,Ship Dock Support,4,0,71.71,,
Process path weekly,Ship Dock Support,3,0,113.15,,
Process path weekly,Ship Dock Support,2,0,108.35,,
Process path weekly,Ship Dock Support,1,0,97.13,,
Process path weekly,Stow to Prime Spt,52,0,178.48,,
Process path weekly,Stow to Prime Spt,51,0,248.53,,
Process path weekly,Stow to Prime Spt,50,0,353.76,,
Process path weekly,Stow to Prime Spt,49,0,251.09,,
Process path weekly,Stow to Prime Spt,48,0,268.04,,
Process path weekly,Stow to Prime Spt,47,0,342.34,,
Process path weekly,Stow to Prime Spt,46,0,375.99,,
Process path weekly,Stow to Prime Spt,45,0,318.01,,
Process path weekly,Stow to Prime Spt,44,0,379.7,,
Process path weekly,Stow to Prime Spt,43,0,261.25,,
Process path weekly,Stow to Prime Spt,42,0,394.25,,
Process path weekly,Stow to Prime Spt,41,0,335.87,,
Process path weekly,Stow to Prime Spt,40,1,784.35,,
Process path weekly,Stow to Prime Spt,39,0,454.55,,
Process path weekly,Stow to Prime Spt,38,0,301.76,,
Process path weekly,Stow to Prime Spt,37,0,338.39,,
Process path weekly,Stow to Prime Spt,36,0,314.15,,
Process path weekly,Stow to Prime Spt,35,0,262.36,,
Process path weekly,Stow to Prime Spt,34,0,346.79,,
Process path weekly,Stow to Prime Spt,33,0,292.67,,
Process path weekly,Stow to Prime Spt,32,0,277.39,,
Process path weekly,Stow to Prime Spt,31,0,311.96,,
Process path weekly,Stow to Prime Spt,30,0,76.81,,
Process path weekly,Stow to Prime Spt,29,0,118.11,,
Process path weekly,Stow to Prime Spt,28,0,149.74,,
Process path weekly,Stow to Prime Spt,27,0,416.06,,
Process path weekly,Stow to Prime Spt,26,0,138.6,,
Process path weekly,Stow to Prime Spt,25,0,165.28,,
Process path weekly,Stow to Prime Spt,24,0,148.99,,
Process path weekly,Stow to Prime Spt,23,0,109.83,,
Process path weekly,Stow to Prime Spt,22,0,119.44,,
Process path weekly,Stow to Prime Spt,21,0,152.33,,
Process path weekly,Stow to Prime Spt,20,1,138.63,,
Process path weekly,Stow to Prime Spt,19,0,116.73,,
Process path weekly,Stow to Prime Spt,18,1,123.14,,
Process path weekly,Stow to Prime Spt,17,0,489.71,,
Process path weekly,Stow to Prime Spt,16,0,190.51,,
Process path weekly,Stow to Prime Spt,15,0,56.41,,
Process path weekly,Stow to Prime Spt,14,0,92.76,,
Process path weekly,Stow to Prime Spt,13,0,10.19,,
Process path weekly,Stow to Prime Spt,12,0,99.24,,
Process path weekly,Stow to Prime Spt,11,0,62.29,,
Process path weekly,Stow to Prime Spt,10,0,110.77,,
Process path weekly,Stow to Prime Spt,9,0,106.82,,
Process path weekly,Stow to Prime Spt,8,0,128.88,,
Process path weekly,Stow to Prime Spt,7,0,97.29,,
Process path weekly,Stow to Prime Spt,6,0,178.62,,
Process path weekly,Stow to Prime Spt,5,0,140.85,,
Process path weekly,Stow to Prime Spt,4,0,232.3,,
Process path weekly,Stow to Prime Spt,3,0,645.63,,
Process path weekly,Stow to Prime Spt,2,0,727.31,,
Process path weekly,Stow to Prime Spt,1,0,77.86,,
Process path weekly,Container Move,52,0,186.16,,
Process path weekly,Container Move,51,0,346.5,,
Process path weekly,Container Move,50,0,337.15,,
Process path weekly,Container Move,49,0,481.01,,
Process path weekly,Container Move,48,0,373.34,,
Process path weekly,Container Move,47,0,236.36,,
Process path weekly,Container Move,46,0,203.86,,
Process path weekly,Container Move,45,0,193.08,,
Process path weekly,Container Move,44,0,191.85,,
Process path weekly,Container Move,43,0,156.95,,
Process path weekly,Container Move,42,0,163.94,,
Process path weekly,Container Move,41,0,256.54,,
Process path weekly,Container Move,40,0,169.54,,
Process path weekly,Container Move,39,0,147.47,,
Process path weekly,Container Move,38,0,151.83,,
Process path weekly,Container Move,37,0,166.57,,
Process path weekly,Container Move,36,0,204.91,,
Process path weekly,Container Move,35,0,242.57,,
Process path weekly,Container Move,34,0,241.08,,
Process path weekly,Container Move,33,0,230.11,,
Process path weekly,Container Move,32,0,215.15,,
Process path weekly,Container Move,31,0,161.99,,
Process path weekly,Container Move,30,0,167.61,,
Process path weekly,Container Move,29,0,239.53,,
Process path weekly,Container Move,28,0,384.71,,
Process path weekly,Container Move,27,0,192.33,,
Process path weekly,Container Move,26,0,227.85,,
Process path weekly,Container Move,25,0,208.62,,
Process path weekly,Container Move,24,0,203.83,,
Process path weekly,Container Move,23,0,197.99,,
Process path weekly,Container Move,22,0,191.31,,
Process path weekly,Container Move,21,0,200.25,,
Process path weekly,Container Move,20,0,188.37,,
Process path weekly,Container Move,19,0,207.21,,
Process path weekly,Container Move,18,0,218.54,,
Process path weekly,Container Move,17,0,208.09,,
Process path weekly,Container Move,16,0,180.36,,
Process path weekly,Container Move,15,0,197.81,,
Process path weekly,Container Move,14,0,175.7,,
Process path weekly,Container Move,13,0,166.71,,
Process path weekly,Container Move,12,0,214.98,,
Process path weekly,Container Move,11,0,295.36,,
Process path weekly,Container Move,10,0,291.36,,
Process path weekly,Container Move,9,0,273.38,,
Process path weekly,Container Move,8,0,252.73,,
Process path weekly,Container Move,7,0,237.75,,
Process path weekly,Container Move,6,0,251.73,,
Process path weekly,Container Move,5,0,226.64,,
Process path weekly,Container Move,4,0,217.39,,
Process path weekly,Container Move,3,0,245.97,,
Process path weekly,Container Move,2,0,247.58,,
Process path weekly,Container Move,1,0,232.0,,
Process path weekly,Sort-Batch,52,0,133.31,,
Process path weekly,Sort-Batch,51,0,250.04,,
Process path weekly,Sort-Batch,50,0,288.0,,
Process path weekly,Sort-Batch,49,0,433.0,,
Process path weekly,Sort-Batch,48,0,286.22,,
Process path weekly,Sort-Batch,47,0,157.56,,
Process path weekly,Sort-Batch,46,0,127.23,,
Process path weekly,Sort-Batch,45,0,141.04,,
Process path weekly,Sort-Batch,44,0,165.53,,
Process path weekly,Sort-Batch,43,0,170.91,,
Process path weekly,Sort-Batch,42,0,208.16,,
Process path weekly,Sort-Batch,41,0,222.33,,
Process path weekly,Sort-Batch,40,0,154.91,,
Process path weekly,Sort-Batch,39,0,135.62,,
Process path weekly,Sort-Batch,38,0,170.62,,
Process path weekly,Sort-Batch,37,0,151.5,,
Process path weekly,Sort-Batch,36,0,186.08,,
Process path weekly,Sort-Batch,35,0,160.72,,
Process path weekly,Sort-Batch,34,0,177.27,,
Process path weekly,Sort-Batch,33,0,186.14,,
Process path weekly,Sort-Batch,32,0,146.32,,
Process path weekly,Sort-Batch,31,0,126.52,,
Process path weekly,Sort-Batch,30,0,121.38,,
Process path weekly,Sort-Batch,29,0,191.74,,
Process path weekly,Sort-Batch,28,0,281.4,,
Process path weekly,Sort-Batch,27,0,117.7,,
Process path weekly,Sort-Batch,26,0,122.2,,
Process path weekly,Sort-Batch,25,0,132.76,,
Process path weekly,Sort-Batch,24,0,141.66,,
Process path weekly,Sort-Batch,23,0,131.28,,
Process path weekly,Sort-Batch,22,0,120.48,,
Process path weekly,Sort-Batch,21,0,109.39,,
Process path weekly,Sort-Batch,20,0,111.74,,
Process path weekly,Sort-Batch,19,0,177.38,,
Process path weekly,Sort-Batch,18,0,211.18,,
Process path weekly,Sort-Batch,17,0,191.99,,
Process path weekly,Sort-Batch,16,0,208.11,,
Process path weekly,Sort-Batch,15,0,261.95,,
Process path weekly,Sort-Batch,14,0,308.72,,
Process path weekly,Sort-Batch,13,0,289.84,,
Process path weekly,Sort-Batch,12,0,332.19,,
Process path weekly,Sort-Batch,11,0,362.79,,
Process path weekly,Sort-Batch,10,0,386.7,,
Process path weekly,Sort-Batch,9,0,399.88,,
Process path weekly,Sort-Batch,8,0,383.85,,
Process path weekly,Sort-Batch,7,0,328.95,,
Process path weekly,Sort-Batch,6,1,352.72,,
Process path weekly,Sort-Batch,5,0,326.73,,
Process path weekly,Sort-Batch,4,0,309.92,,
Process path weekly,Sort-Batch,3,0,323.31,,
Process path weekly,Sort-Batch,2,0,350.51,,
Process path weekly,Sort-Batch,1,0,301.09,,
Process path weekly,Transfer In Support,52,0,128.82,,
Process path weekly,Transfer In Support,51,0,178.93,,
Process path weekly,Transfer In Support,50,0,114.58,,
Process path weekly,Transfer In Support,49,0,68.93,,
Process path weekly,Transfer In Support,48,0,185.32,,
Process path weekly,Transfer In Support,47,0,130.24,,
Process path weekly,Transfer In Support,46,0,23.65,,
Process path weekly,Transfer In Support,45,0,33.84,,
Process path weekly,Transfer In Support,44,0,36.79,,
Process path weekly,Transfer In Support,43,0,64.69,,
Process path weekly,Transfer In Support,42,0,76.07,,
Process path weekly,Transfer In Support,41,0,60.15,,
Process path weekly,Transfer In Support,40,0,69.61,,
Process path weekly,Transfer In Support,39,0,34.62,,
Process path weekly,Transfer In Support,38,0,1.84,,
Process path weekly,Transfer In Support,37,0,6.21,,
Process path weekly,Transfer In Support,36,0,37.1,,
Process path weekly,Transfer In Support,35,0,136.06,,
Process path weekly,Transfer In Support,34,0,278.81,,
Process path weekly,Transfer In Support,33,0,354.51,,
Process path weekly,Transfer In Support,32,0,301.18,,
Process path weekly,Transfer In Support,31,0,316.76,,
Process path weekly,Transfer In Support,30,0,312.53,,
Process path weekly,Transfer In Support,29,0,316.18,,
Process path weekly,Transfer In Support,28,0,253.79,,
Process path weekly,Transfer In Support,27,1,240.6,,
Process path weekly,Transfer In Support,26,0,474.56,,
Process path weekly,Transfer In Support,25,0,330.22,,
Process path weekly,Transfer In Support,24,0,332.78,,
Process path weekly,Transfer In Support,23,0,326.92,,
Process path weekly,Transfer In Support,22,0,542.57,,
Process path weekly,Transfer In Support,21,0,536.49,,
Process path weekly,Transfer In Support,20,0,486.9,,
Process path weekly,Transfer In Support,19,0,522.42,,
Process path weekly,Transfer In Support,18,0,554.64,,
Process path weekly,Transfer In Support,17,0,225.18,,
Process path weekly,Transfer In Support,16,0,48.18,,
Process path weekly,Transfer In Support,15,0,0.38,,
Process path weekly,Transfer In Support,14,0,0.0,,
Process path weekly,Transfer In Support,12,0,11.81,,
Process path weekly,Transfer In Support,11,0,54.08,,
Process path weekly,Transfer In Support,10,0,177.42,,
Process path weekly,Transfer In Support,9,0,145.94,,
Process path weekly,Transfer In Support,8,0,290.43,,
Process path weekly,Transfer In Support,7,0,278.59,,
Process path weekly,Transfer In Support,6,0,319.5,,
Process path weekly,Transfer In Support,5,0,344.1,,
Process path weekly,Transfer In Support,4,0,399.51,,
Process path weekly,Transfer In Support,3,0,414.6,,
Process path weekly,Transfer In Support,2,0,401.16,,
Process path weekly,Transfer In Support,1,0,252.6,,
Process path weekly,OB Problem Solve,52,0,76.12,,
Process path weekly,OB Problem Solve,51,0,112.39,,
Process path weekly,OB Problem Solve,50,0,121.32,,
Process path weekly,OB Problem Solve,49,0,153.45,,
Process path weekly,OB Problem Solve,48,0,136.31,,
Process path weekly,OB Problem Solve,47,0,113.76,,
Process path weekly,OB Problem Solve,46,0,107.8,,
Process path weekly,OB Problem Solve,45,0,107.75,,
Process path weekly,OB Problem Solve,44,0,109.19,,
Process path weekly,OB Problem Solve,43,0,144.78,,
Process path weekly,OB Problem Solve,42,0,107.82,,
Process path weekly,OB Problem Solve,41,0,137.17,,
Process path weekly,OB Problem Solve,40,0,136.09,,
Process path weekly,OB Problem Solve,39,0,97.09,,
Process path weekly,OB Problem Solve,38,0,89.89,,
Process path weekly,OB Problem Solve,37,0,105.65,,
Process path weekly,OB Problem Solve,36,0,142.99,,
Process path weekly,OB Problem Solve,35,0,130.46,,
Process path weekly,OB Problem Solve,34,0,138.1,,
Process path weekly,OB Problem Solve,33,0,142.4,,
Process path weekly,OB Problem Solve,32,0,131.48,,
Process path weekly,OB Problem Solve,31,0,144.33,,
Process path weekly,OB Problem Solve,30,0,170.9,,
Process path weekly,OB Problem Solve,29,0,204.38,,
Process path weekly,OB Problem Solve,28,0,222.61,,
Process path weekly,OB Problem Solve,27,0,154.04,,
Process path weekly,OB Problem Solve,26,0,222.14,,
Process path weekly,OB Problem Solve,25,0,185.89,,
Process path weekly,OB Problem Solve,24,0,213.9,,
Process path weekly,OB Problem Solve,23,0,199.62,,
Process path weekly,OB Problem Solve,22,0,211.96,,
Process path weekly,OB Problem Solve,21,0,201.18,,
Process path weekly,OB Problem Solve,20,0,231.61,,
Process path weekly,OB Problem Solve,19,0,227.73,,
Process path weekly,OB Problem Solve,18,0,222.97,,
Process path weekly,OB Problem Solve,17,0,172.64,,
Process path weekly,OB Problem Solve,16,0,169.17,,
Process path weekly,OB Problem Solve,15,0,161.27,,
Process path weekly,OB Problem Solve,14,0,158.74,,
Process path weekly,OB Problem Solve,13,0,171.75,,
Process path weekly,OB Problem Solve,12,0,177.14,,
Process path weekly,OB Problem Solve,11,0,148.43,,
Process path weekly,OB Problem Solve,10,0,179.71,,
Process path weekly,OB Problem Solve,9,0,168.05,,
Process path weekly,OB Problem Solve,8,0,139.33,,
Process path weekly,OB Problem Solve,7,0,149.29,,
Process path weekly,OB Problem Solve,6,0,123.1,,
Process path weekly,OB Problem Solve,5,0,111.08,,
Process path weekly,OB Problem Solve,4,0,114.43,,
Process path weekly,OB Problem Solve,3,0,122.74,,
Process path weekly,OB Problem Solve,2,0,152.28,,
Process path weekly,OB Problem Solve,1,0,104.32,,
Process path weekly,Inbound Lead/PA,52,0,79.97,,
Process path weekly,Inbound Lead/PA,51,0,142.32,,
Process path weekly,Inbound Lead/PA,50,0,157.58,,
Process path weekly,Inbound Lead/PA,49,0,85.86,,
Process path weekly,Inbound Lead/PA,48,0,141.48,,
Process path weekly,Inbound Lead/PA,47,0,204.97,,
Process path weekly,Inbound Lead/PA,46,0,189.12,,
Process path weekly,Inbound Lead/PA,45,0,127.56,,
Process path weekly,Inbound Lead/PA,44,0,174.22,,
Process path weekly,Inbound Lead/PA,43,0,163.4,,
Process path weekly,Inbound Lead/PA,42,0,186.62,,
Process path weekly,Inbound Lead/PA,41,0,206.52,,
Process path weekly,Inbound Lead/PA,40,0,191.18,,
Process path weekly,Inbound Lead/PA,39,0,172.45,,
Process path weekly,Inbound Lead/PA,38,0,194.06,,
Process path weekly,Inbound Lead/PA,37,0,175.25,,
Process path weekly,Inbound Lead/PA,36,0,167.81,,
Process path weekly,Inbound Lead/PA,35,0,155.22,,
Process path weekly,Inbound Lead/PA,34,0,163.32,,
Process path weekly,Inbound Lead/PA,33,0,90.43,,
Process path weekly,Inbound Lead/PA,32,0,234.28,,
Process path weekly,Inbound Lead/PA,31,0,149.62,,
Process path weekly,Inbound Lead/PA,30,0,187.45,,
Process path weekly,Inbound Lead/PA,29,0,205.56,,
Process path weekly,Inbound Lead/PA,28,0,179.3,,
Process path weekly,Inbound Lead/PA,27,0,142.59,,
Process path weekly,Inbound Lead/PA,26,0,221.65,,
Process path weekly,Inbound Lead/PA,25,0,189.99,,
Process path weekly,Inbound Lead/PA,24,0,121.13,,
Process path weekly,Inbound Lead/PA,23,0,173.03,,
Process path weekly,Inbound Lead/PA,22,0,154.82,,
Process path weekly,Inbound Lead/PA,21,0,157.78,,
Process path weekly,Inbound Lead/PA,20,0,160.9,,
Process path weekly,Inbound Lead/PA,19,0,111.29,,
Process path weekly,Inbound Lead/PA,18,0,116.92,,
Process path weekly,Inbound Lead/PA,17,0,63.32,,
Process path weekly,Inbound Lead/PA,16,0,27.04,,
Process path weekly,Inbound Lead/PA,15,0,30.32,,
Process path weekly,Inbound Lead/PA,14,0,60.97,,
Process path weekly,Inbound Lead/PA,13,0,4.5,,
Process path weekly,Inbound Lead/PA,12,0,73.63,,
Process path weekly,Inbound Lead/PA,11,0,109.33,,
Process path weekly,Inbound Lead/PA,10,0,130.01,,
Process path weekly,Inbound Lead/PA,9,0,126.73,,
Process path weekly,Inbound Lead/PA,8,0,107.59,,
Process path weekly,Inbound Lead/PA,7,0,91.17,,
Process path weekly,Inbound Lead/PA,6,0,98.7,,
Process path weekly,Inbound Lead/PA,5,0,155.93,,
Process path weekly,Inbound Lead/PA,4,0,117.79,,
Process path weekly,Inbound Lead/PA,3,0,127.78,,
Process path weekly,Inbound Lead/PA,2,0,151.72,,
Process path weekly,Inbound Lead/PA,1,0,142.55,,
Process path weekly,C-Returns Processed,52,0,34.33,,
Process path weekly,C-Returns Processed,51,0,78.05,,
Process path weekly,C-Returns Processed,50,0,123.17,,
Process path weekly,C-Returns Processed,49,0,111.26,,
Process path weekly,C-Returns Processed,48,0,120.06,,
Process path weekly,C-Returns Processed,47,0,54.37,,
Process path weekly,C-Returns Processed,46,0,16.9,,
Process path weekly,C-Returns Processed,45,0,182.08,,
Process path weekly,C-Returns Processed,44,0,196.48,,
Process path weekly,C-Returns Processed,43,0,137.32,,
Process path weekly,C-Returns Processed,42,0,185.16,,
Process path weekly,C-Returns Processed,41,1,154.69,,
Process path weekly,C-Returns Processed,40,0,188.92,,
Process path weekly,C-Returns Processed,39,0,113.14,,
Process path weekly,C-Returns Processed,38,0,137.97,,
Process path weekly,C-Returns Processed,37,0,256.43,,
Process path weekly,C-Returns Processed,36,0,178.45,,
Process path weekly,C-Returns Processed,35,0,169.38,,
Process path weekly,C-Returns Processed,34,0,157.54,,
Process path weekly,C-Returns Processed,33,0,179.06,,
Process path weekly,C-Returns Processed,32,0,276.43,,
Process path weekly,C-Returns Processed,31,0,142.49,,
Process path weekly,C-Returns Processed,30,0,166.17,,
Process path weekly,C-Returns Processed,29,0,179.71,,
Process path weekly,C-Returns Processed,28,0,81.05,,
Process path weekly,C-Returns Processed,27,0,118.65,,
Process path weekly,C-Returns Processed,26,0,78.89,,
Process path weekly,C-Returns Processed,25,0,69.9,,
Process path weekly,C-Returns Processed,24,0,151.81,,
Process path weekly,C-Returns Processed,23,0,88.59,,
Process path weekly,C-Returns Processed,22,0,79.45,,
Process path weekly,C-Returns Processed,21,0,128.4,,
Process path weekly,C-Returns Processed,20,0,122.2,,
Process path weekly,C-Returns Processed,19,0,90.3,,
Process path weekly,C-Returns Processed,18,0,87.92,,
Process path weekly,C-Returns Processed,17,0,44.41,,
Process path weekly,C-Returns Processed,16,0,96.81,,
Process path weekly,C-Returns Processed,15,0,84.71,,
Process path weekly,C-Returns Processed,14,0,95.33,,
Process path weekly,C-Returns Processed,13,0,60.03,,
Process path weekly,C-Returns Processed,12,2,85.92,,
Process path weekly,C-Returns Processed,11,0,184.07,,
Process path weekly,C-Returns Processed,10,0,79.13,,
Process path weekly,C-Returns Processed,9,0,126.66,,
Process path weekly,C-Returns Processed,8,0,137.83,,
Process path weekly,C-Returns Processed,7,0,222.87,,
Process path weekly,C-Returns Processed,6,0,293.13,,
Process path weekly,C-Returns Processed,5,0,209.51,,
Process path weekly,C-Returns Processed,4,0,199.65,,
Process path weekly,C-Returns Processed,3,0,187.47,,
Process path weekly,C-Returns Processed,2,0,58.14,,
Process path weekly,C-Returns Processed,1,0,159.56,,
Process path weekly,Ship Dock Lead/PA,52,0,73.39,,
Process path weekly,Ship Dock Lead/PA,51,0,100.28,,
Process path weekly,Ship Dock Lead/PA,50,0,93.06,,
Process path weekly,Ship Dock Lead/PA,49,0,117.11,,
Process path weekly,Ship Dock Lead/PA,48,0,126.15,,
Process path weekly,Ship Dock Lead/PA,47,0,92.75,,
Process path weekly,Ship Dock Lead/PA,46,0,74.46,,
Process path weekly,Ship Dock Lead/PA,45,0,122.54,,
Process path weekly,Ship Dock Lead/PA,44,0,131.76,,
Process path weekly,Ship Dock Lead/PA,43,0,107.96,,
Process path weekly,Ship Dock Lead/PA,42,0,97.61,,
Process path weekly,Ship Dock Lead/PA,41,0,123.16,,
Process path weekly,Ship Dock Lead/PA,40,0,95.57,,
Process path weekly,Ship Dock Lead/PA,39,0,77.53,,
Process path weekly,Ship Dock Lead/PA,38,0,132.04,,
Process path weekly,Ship Dock Lead/PA,37,0,119.89,,
Process path weekly,Ship Dock Lead/PA,36,0,118.28,,
Process path weekly,Ship Dock Lead/PA,35,0,75.38,,
Process path weekly,Ship Dock Lead/PA,34,0,108.26,,
Process path weekly,Ship Dock Lead/PA,33,0,125.31,,
Process path weekly,Ship Dock Lead/PA,32,0,107.38,,
Process path weekly,Ship Dock Lead/PA,31,0,113.51,,
Process path weekly,Ship Dock Lead/PA,30,0,78.74,,
Process path weekly,Ship Dock Lead/PA,29,0,84.11,,
Process path weekly,Ship Dock Lead/PA,28,0,114.94,,
Process path weekly,Ship Dock Lead/PA,27,0,98.93,,
Process path weekly,Ship Dock Lead/PA,26,0,112.65,,
Process path weekly,Ship Dock Lead/PA,25,0,92.63,,
Process path weekly,Ship Dock Lead/PA,24,0,84.16,,
Process path weekly,Ship Dock Lead/PA,23,0,104.3,,
Process path weekly,Ship Dock Lead/PA,22,0,113.76,,
Process path weekly,Ship Dock Lead/PA,21,0,121.16,,
Process path weekly,Ship Dock Lead/PA,20,0,150.3,,
Process path weekly,Ship Dock Lead/PA,19,0,117.92,,
Process path weekly,Ship Dock Lead/PA,18,0,140.26,,
Process path weekly,Ship Dock Lead/PA,17,0,138.79,,
Process path weekly,Ship Dock Lead/PA,16,0,115.7,,
Process path weekly,Ship Dock Lead/PA,15,0,137.52,,
Process path weekly,Ship Dock Lead/PA,14,0,119.11,,
Process path weekly,Ship Dock Lead/PA,13,0,140.5,,
Process path weekly,Ship Dock Lead/PA,12,0,106.14,,
Process path weekly,Ship Dock Lead/PA,11,0,124.06,,
Process path weekly,Ship Dock Lead/PA,10,0,119.52,,
Process path weekly,Ship Dock Lead/PA,9,0,126.09,,
Process path weekly,Ship Dock Lead/PA,8,0,130.69,,
Process path weekly,Ship Dock Lead/PA,7,0,89.84,,
Process path weekly,Ship Dock Lead/PA,6,0,116.23,,
Process path weekly,Ship Dock Lead/PA,5,0,117.16,,
Process path weekly,Ship Dock Lead/PA,4,0,132.85,,
Process path weekly,Ship Dock Lead/PA,3,0,155.09,,
Process path weekly,Ship Dock Lead/PA,2,0,84.21,,
Process path weekly,Ship Dock Lead/PA,1,0,127.47,,
Process path weekly,V-Returns Pick,52,0,47.02,,
Process path weekly,V-Returns Pick,51,0,119.2,,
Process path weekly,V-Returns Pick,50,0,132.42,,
Process path weekly,V-Returns Pick,49,0,166.06,,
Process path weekly,V-Returns Pick,48,0,84.59,,
Process path weekly,V-Returns Pick,47,0,108.79,,
Process path weekly,V-Returns Pick,46,0,119.1,,
Process path weekly,V-Returns Pick,45,0,99.92,,
Process path weekly,V-Returns Pick,44,0,113.04,,
Process path weekly,V-Returns Pick,43,0,118.83,,
Process path weekly,V-Returns Pick,42,0,147.24,,
Process path weekly,V-Returns Pick,41,0,160.56,,
Process path weekly,V-Returns Pick,40,0,103.07,,
Process path weekly,V-Returns Pick,39,0,90.94,,
Process path weekly,V-Returns Pick,38,0,107.11,,
Process path weekly,V-Returns Pick,37,0,83.63,,
Process path weekly,V-Returns Pick,36,0,110.67,,
Process path weekly,V-Returns Pick,35,0,156.85,,
Process path weekly,V-Returns Pick,34,0,97.35,,
Process path weekly,V-Returns Pick,33,0,139.11,,
Process path weekly,V-Returns Pick,32,0,175.54,,
Process path weekly,V-Returns Pick,31,0,122.84,,
Process path weekly,V-Returns Pick,30,0,86.08,,
Process path weekly,V-Returns Pick,29,0,158.75,,
Process path weekly,V-Returns Pick,28,0,71.7,,
Process path weekly,V-Returns Pick,27,0,110.45,,
Process path weekly,V-Returns Pick,26,0,102.09,,
Process path weekly,V-Returns Pick,25,0,126.12,,
Process path weekly,V-Returns Pick,24,0,102.58,,
Process path weekly,V-Returns Pick,23,0,110.11,,
Process path weekly,V-Returns Pick,22,0,115.51,,
Process path weekly,V-Returns Pick,21,1,128.7,,
Process path weekly,V-Returns Pick,20,0,136.46,,
Process path weekly,V-Returns Pick,19,0,116.56,,
Process path weekly,V-Returns Pick,18,0,143.07,,
Process path weekly,V-Returns Pick,17,0,108.53,,
Process path weekly,V-Returns Pick,16,0,86.69,,
Process path weekly,V-Returns Pick,15,0,65.27,,
Process path weekly,V-Returns Pick,14,0,88.82,,
Process path weekly,V-Returns Pick,13,0,72.14,,
Process path weekly,V-Returns Pick,12,0,53.72,,
Process path weekly,V-Returns Pick,11,0,43.31,,
Process path weekly,V-Returns Pick,10,0,94.67,,
Process path weekly,V-Returns Pick,9,0,121.08,,
Process path weekly,V-Returns Pick,8,0,133.24,,
Process path weekly,V-Returns Pick,7,0,73.43,,
Process path weekly,V-Returns Pick,6,0,122.41,,
Process path weekly,V-Returns Pick,5,0,141.39,,
Process path weekly,V-Returns Pick,4,0,130.23,,
Process path weekly,V-Returns Pick,3,0,157.26,,
Process path weekly,V-Returns Pick,2,0,111.64,,
Process path weekly,V-Returns Pick,1,0,104.92,,
Process path weekly,C-Returns Support,52,0,19.53,,
Process path weekly,C-Returns Support,51,0,61.21,,
Process path weekly,C-Returns Support,50,0,97.78,,
Process path weekly,C-Returns Support,49,0,88.27,,
Process path weekly,C-Returns Support,48,0,68.83,,
Process path weekly,C-Returns Support,47,0,58.97,,
Process path weekly,C-Returns Support,46,0,49.9,,
Process path weekly,C-Returns Support,45,0,117.05,,
Process path weekly,C-Returns Support,44,0,87.38,,
Process path weekly,C-Returns Support,43,0,68.49,,
Process path weekly,C-Returns Support,42,0,62.47,,
Process path weekly,C-Returns Support,41,0,78.3,,
Process path weekly,C-Returns Support,40,0,49.9,,
Process path weekly,C-Returns Support,39,0,63.55,,
Process path weekly,C-Returns Support,38,0,61.93,,
Process path weekly,C-Returns Support,37,0,79.48,,
Process path weekly,C-Returns Support,36,0,42.43,,
Process path weekly,C-Returns Support,35,0,31.71,,
Process path weekly,C-Returns Support,34,0,49.89,,
Process path weekly,C-Returns Support,33,0,52.05,,
Process path weekly,C-Returns Support,32,0,88.12,,
Process path weekly,C-Returns Support,31,0,141.58,,
Process path weekly,C-Returns Support,30,0,188.31,,
Process path weekly,C-Returns Support,29,0,145.5,,
Process path weekly,C-Returns Support,28,0,106.52,,
Process path weekly,C-Returns Support,27,0,154.46,,
Process path weekly,C-Returns Support,26,0,80.65,,
Process path weekly,C-Returns Support,25,0,114.62,,
Process path weekly,C-Returns Support,24,0,165.35,,
Process path weekly,C-Returns Support,23,0,125.75,,
Process path weekly,C-Returns Support,22,0,85.78,,
Process path weekly,C-Returns Support,21,0,76.72,,
Process path weekly,C-Returns Support,20,0,137.34,,
Process path weekly,C-Returns Support,19,0,105.73,,
Process path weekly,C-Returns Support,18,0,105.59,,
Process path weekly,C-Returns Support,17,0,35.35,,
Process path weekly,C-Returns Support,16,0,72.13,,
Process path weekly,C-Returns Support,15,0,54.05,,
Process path weekly,C-Returns Support,14,0,58.63,,
Process path weekly,C-Returns Support,13,0,31.14,,
Process path weekly,C-Returns Support,12,0,101.95,,
Process path weekly,C-Returns Support,11,0,161.59,,
Process path weekly,C-Returns Support,10,0,95.61,,
Process path weekly,C-Returns Support,9,0,283.39,,
Process path weekly,C-Returns Support,8,0,254.2,,
Process path weekly,C-Returns Support,7,0,297.57,,
Process path weekly,C-Returns Support,6,0,376.22,,
Process path weekly,C-Returns Support,5,0,219.49,,
Process path weekly,C-Returns Support,4,0,184.16,,
Process path weekly,C-Returns Support,3,0,135.88,,
Process path weekly,C-Returns Support,2,0,17.26,,
Process path weekly,C-Returns Support,1,0,104.94,,
Process path weekly,Pallet Transfer In,52,0,56.44,,
Process path weekly,Pallet Transfer In,51,0,64.09,,
Process path weekly,Pallet Transfer In,50,0,15.76,,
Process path weekly,Pallet Transfer In,49,0,41.78,,
Process path weekly,Pallet Transfer In,48,0,125.1,,
Process path weekly,Pallet Transfer In,47,0,27.43,,
Process path weekly,Pallet Transfer In,46,0,8.96,,
Process path weekly,Pallet Transfer In,45,0,10.32,,
Process path weekly,Pallet Transfer In,44,0,10.2,,
Process path weekly,Pallet Transfer In,43,0,7.7,,
Process path weekly,Pallet Transfer In,42,0,8.14,,
Process path weekly,Pallet Transfer In,41,0,7.12,,
Process path weekly,Pallet Transfer In,40,0,17.31,,
Process path weekly,Pallet Transfer In,39,0,6.18,,
Process path weekly,Pallet Transfer In,38,0,6.31,,
Process path weekly,Pallet Transfer In,36,0,0.08,,
Process path weekly,Pallet Transfer In,35,0,67.77,,
Process path weekly,Pallet Transfer In,34,0,162.45,,
Process path weekly,Pallet Transfer In,33,0,152.42,,
Process path weekly,Pallet Transfer In,32,0,172.6,,
Process path weekly,Pallet Transfer In,31,0,196.53,,
Process path weekly,Pallet Transfer In,30,0,129.8,,
Process path weekly,Pallet Transfer In,29,0,79.33,,
Process path weekly,Pallet Transfer In,28,0,70.39,,
Process path weekly,Pallet Transfer In,27,0,175.72,,
Process path weekly,Pallet Transfer In,26,0,267.37,,
Process path weekly,Pallet Transfer In,25,0,171.78,,
Process path weekly,Pallet Transfer In,24,0,163.3,,
Process path weekly,Pallet Transfer In,23,0,219.86,,
Process path weekly,Pallet Transfer In,22,0,272.66,,
Process path weekly,Pallet Transfer In,21,0,324.03,,
Process path weekly,Pallet Transfer In,20,0,299.81,,
Process path weekly,Pallet Transfer In,19,0,259.16,,
Process path weekly,Pallet Transfer In,18,0,300.6,,
Process path weekly,Pallet Transfer In,17,0,178.63,,
Process path weekly,Pallet Transfer In,16,0,30.46,,
Process path weekly,Pallet Transfer In,11,0,7.66,,
Process path weekly,Pallet Transfer In,10,0,24.57,,
Process path weekly,Pallet Transfer In,9,0,37.79,,
Process path weekly,Pallet Transfer In,8,0,103.76,,
Process path weekly,Pallet Transfer In,7,0,130.84,,
Process path weekly,Pallet Transfer In,6,0,196.91,,
Process path weekly,Pallet Transfer In,5,0,217.3,,
Process path weekly,Pallet Transfer In,4,0,194.57,,
Process path weekly,Pallet Transfer In,3,0,205.68,,
Process path weekly,Pallet Transfer In,2,0,206.77,,
Process path weekly,Pallet Transfer In,1,0,157.66,,
Process path weekly,Pallet-Receive,52,0,86.51,,
Process path weekly,Pallet-Receive,51,0,124.83,,
Process path weekly,Pallet-Receive,50,0,140.09,,
Process path weekly,Pallet-Receive,49,0,152.49,,
Process path weekly,Pallet-Receive,48,0,120.85,,
Process path weekly,Pallet-Receive,47,0,126.33,,
Process path weekly,Pallet-Receive,46,0,131.74,,
Process path weekly,Pallet-Receive,45,0,124.67,,
Process path weekly,Pallet-Receive,44,0,130.88,,
Process path weekly,Pallet-Receive,43,0,113.35,,
Process path weekly,Pallet-Receive,42,0,139.07,,
Process path weekly,Pallet-Receive,41,0,134.37,,
Process path weekly,Pallet-Receive,40,0,115.86,,
Process path weekly,Pallet-Receive,39,0,104.27,,
Process path weekly,Pallet-Receive,38,0,118.12,,
Process path weekly,Pallet-Receive,37,0,136.91,,
Process path weekly,Pallet-Receive,36,0,126.01,,
Process path weekly,Pallet-Receive,35,0,132.69,,
Process path weekly,Pallet-Receive,34,0,111.19,,
Process path weekly,Pallet-Receive,33,0,122.03,,
Process path weekly,Pallet-Receive,32,0,100.73,,
Process path weekly,Pallet-Receive,31,0,107.75,,
Process path weekly,Pallet-Receive,30,0,106.36,,
Process path weekly,Pallet-Receive,29,0,122.33,,
Process path weekly,Pallet-Receive,28,0,88.55,,
Process path weekly,Pallet-Receive,27,0,102.66,,
Process path weekly,Pallet-Receive,26,0,96.93,,
Process path weekly,Pallet-Receive,25,0,112.66,,
Process path weekly,Pallet-Receive,24,0,114.44,,
Process path weekly,Pallet-Receive,23,0,124.03,,
Process path weekly,Pallet-Receive,22,0,101.59,,
Process path weekly,Pallet-Receive,21,0,105.97,,
Process path weekly,Pallet-Receive,20,0,109.52,,
Process path weekly,Pallet-Receive,19,0,61.4,,
Process path weekly,Pallet-Receive,18,0,49.56,,
Process path weekly,Pallet-Receive,17,0,42.0,,
Process path weekly,Pallet-Receive,16,0,56.56,,
Process path weekly,Pallet-Receive,15,0,41.41,,
Process path weekly,Pallet-Receive,14,0,40.65,,
Process path weekly,Pallet-Receive,13,0,44.57,,
Process path weekly,Pallet-Receive,12,0,46.8,,
Process path weekly,Pallet-Receive,11,0,50.25,,
Process path weekly,Pallet-Receive,10,0,74.81,,
Process path weekly,Pallet-Receive,9,0,73.85,,
Process path weekly,Pallet-Receive,8,0,57.66,,
Process path weekly,Pallet-Receive,7,0,62.5,,
Process path weekly,Pallet-Receive,6,0,62.41,,
Process path weekly,Pallet-Receive,5,0,59.22,,
Process path weekly,Pallet-Receive,4,0,61.16,,
Process path weekly,Pallet-Receive,3,0,64.13,,
Process path weekly,Pallet-Receive,2,0,92.89,,
Process path weekly,Pallet-Receive,1,0,61.48,,
Process path weekly,LP-Receive,52,0,75.76,,
Process path weekly,LP-Receive,51,1,108.76,,
Process path weekly,LP-Receive,50,0,114.66,,
Process path weekly,LP-Receive,49,0,120.53,,
Process path weekly,LP-Receive,48,0,107.49,,
Process path weekly,LP-Receive,47,0,103.0,,
Process path weekly,LP-Receive,46,0,107.26,,
Process path weekly,LP-Receive,45,0,95.07,,
Process path weekly,LP-Receive,44,0,118.83,,
Process path weekly,LP-Receive,43,0,75.23,,
Process path weekly,LP-Receive,42,0,73.28,,
Process path weekly,LP-Receive,41,0,82.38,,
Process path weekly,LP-Receive,40,0,90.91,,
Process path weekly,LP-Receive,39,0,76.82,,
Process path weekly,LP-Receive,38,0,89.91,,
Process path weekly,LP-Receive,37,0,98.25,,
Process path weekly,LP-Receive,36,0,88.02,,
Process path weekly,LP-Receive,35,0,81.99,,
Process path weekly,LP-Receive,34,0,73.64,,
Process path weekly,LP-Receive,33,0,57.48,,
Process path weekly,LP-Receive,32,0,74.35,,
Process path weekly,LP-Receive,31,0,95.33,,
Process path weekly,LP-Receive,30,0,149.99,,
Process path weekly,LP-Receive,29,0,142.3,,
Process path weekly,LP-Receive,28,0,113.37,,
Process path weekly,LP-Receive,27,0,94.6,,
Process path weekly,LP-Receive,26,0,111.77,,
Process path weekly,LP-Receive,25,0,121.18,,
Process path weekly,LP-Receive,24,0,124.27,,
Process path weekly,LP-Receive,23,0,95.16,,
Process path weekly,LP-Receive,22,0,69.62,,
Process path weekly,LP-Receive,21,0,102.92,,
Process path weekly,LP-Receive,20,0,80.33,,
Process path weekly,LP-Receive,19,0,58.9,,
Process path weekly,LP-Receive,18,0,91.16,,
Process path weekly,LP-Receive,17,0,62.43,,
Process path weekly,LP-Receive,16,0,55.81,,
Process path weekly,LP-Receive,15,0,53.29,,
Process path weekly,LP-Receive,14,0,67.68,,
Process path weekly,LP-Receive,13,0,39.24,,
Process path weekly,LP-Receive,12,0,52.08,,
Process path weekly,LP-Receive,11,0,58.98,,
Process path weekly,LP-Receive,10,0,79.6,,
Process path weekly,LP-Receive,9,0,75.62,,
Process path weekly,LP-Receive,8,0,70.78,,
Process path weekly,LP-Receive,7,0,57.82,,
Process path weekly,LP-Receive,6,0,81.64,,
Process path weekly,LP-Receive,5,0,68.16,,
Process path weekly,LP-Receive,4,0,112.57,,
Process path weekly,LP-Receive,3,0,99.87,,
Process path weekly,LP-Receive,2,0,84.6,,
Process path weekly,LP-Receive,1,0,57.58,,
Process path weekly,Non FC Controllable,43,0,2114.57,,
Process path weekly,Non FC Controllable,42,0,10.94,,
Process path weekly,Non FC Controllable,37,0,257.36,,
Process path weekly,Non FC Controllable,36,0,0.0,,
Process path weekly,Non FC Controllable,33,0,33.62,,
Process path weekly,Non FC Controllable,31,0,162.98,,
Process path weekly,Non FC Controllable,26,0,195.7,,
Process path weekly,Non FC Controllable,23,0,125.5,,
Process path weekly,Non FC Controllable,17,0,294.55,,
Process path weekly,Non FC Controllable,16,0,317.54,,
Process path weekly,Non FC Controllable,15,0,122.62,,
Process path weekly,Non FC Controllable,13,0,190.68,,
Process path weekly,Non FC Controllable,11,0,155.56,,
Process path weekly,Non FC Controllable,8,0,44.43,,
Process path weekly,V-Returns Support,52,0,49.87,,
Process path weekly,V-Returns Support,51,0,97.75,,
Process path weekly,V-Returns Support,50,0,99.71,,
Process path weekly,V-Returns Support,49,0,108.52,,
Process path weekly,V-Returns Support,48,0,57.08,,
Process path weekly,V-Returns Support,47,0,108.68,,
Process path weekly,V-Returns Support,46,0,110.91,,
Process path weekly,V-Returns Support,45,0,99.74,,
Process path weekly,V-Returns Support,44,0,65.46,,
Process path weekly,V-Returns Support,43,0,53.3,,
Process path weekly,V-Returns Support,42,0,77.86,,
Process path weekly,V-Returns Support,41,0,99.7,,
Process path weekly,V-Returns Support,40,0,69.13,,
Process path weekly,V-Returns Support,39,0,65.57,,
Process path weekly,V-Returns Support,38,0,78.7,,
Process path weekly,V-Returns Support,37,0,77.46,,
Process path weekly,V-Returns Support,36,0,59.38,,
Process path weekly,V-Returns Support,35,0,62.21,,
Process path weekly,V-Returns Support,34,0,72.8,,
Process path weekly,V-Returns Support,33,0,95.52,,
Process path weekly,V-Returns Support,32,0,71.75,,
Process path weekly,V-Returns Support,31,0,62.94,,
Process path weekly,V-Returns Support,30,0,63.8,,
Process path weekly,V-Returns Support,29,0,99.38,,
Process path weekly,V-Returns Support,28,0,44.27,,
Process path weekly,V-Returns Support,27,0,71.03,,
Process path weekly,V-Returns Support,26,0,80.98,,
Process path weekly,V-Returns Support,25,0,94.08,,
Process path weekly,V-Returns Support,24,0,72.63,,
Process path weekly,V-Returns Support,23,0,85.84,,
Process path weekly,V-Returns Support,22,0,99.24,,
Process path weekly,V-Returns Support,21,0,106.87,,
Process path weekly,V-Returns Support,20,0,73.16,,
Process path weekly,V-Returns Support,19,0,54.33,,
Process path weekly,V-Returns Support,18,0,50.87,,
Process path weekly,V-Returns Support,17,0,45.81,,
Process path weekly,V-Returns Support,16,0,70.11,,
Process path weekly,V-Returns Support,15,0,35.0,,
Process path weekly,V-Returns Support,14,0,63.85,,
Process path weekly,V-Returns Support,13,0,42.7,,
Process path weekly,V-Returns Support,12,0,42.86,,
Process path weekly,V-Returns Support,11,0,25.07,,
Process path weekly,V-Returns Support,10,0,46.61,,
Process path weekly,V-Returns Support,9,0,60.01,,
Process path weekly,V-Returns Support,8,0,100.02,,
Process path weekly,V-Returns Support,7,0,67.61,,
Process path weekly,V-Returns Support,6,0,56.47,,
Process path weekly,V-Returns Support,5,0,90.3,,
Process path weekly,V-Returns Support,4,0,106.97,,
Process path weekly,V-Returns Support,3,0,77.53,,
Process path weekly,V-Returns Support,2,0,123.23,,
Process path weekly,V-Returns Support,1,0,56.09,,
Process path weekly,Box on Demand,52,0,36.08,,
Process path weekly,Box on Demand,51,0,95.01,,
Process path weekly,Box on Demand,50,0,71.21,,
Process path weekly,Box on Demand,49,0,1.59,,
Process path weekly,Box on Demand,48,0,17.46,,
Process path weekly,Box on Demand,46,0,1.1,,
Process path weekly,Box on Demand,45,0,0.73,,
Process path weekly,Box on Demand,44,0,16.13,,
Process path weekly,Box on Demand,43,0,50.02,,
Process path weekly,Box on Demand,42,0,48.18,,
Process path weekly,Box on Demand,41,0,211.33,,
Process path weekly,Box on Demand,36,0,69.71,,
Process path weekly,Box on Demand,35,0,136.3,,
Process path weekly,Box on Demand,34,0,146.49,,
Process path weekly,Box on Demand,33,0,126.4,,
Process path weekly,Box on Demand,32,0,115.09,,
Process path weekly,Box on Demand,31,0,128.11,,
Process path weekly,Box on Demand,30,0,100.93,,
Process path weekly,Box on Demand,29,0,163.76,,
Process path weekly,Box on Demand,28,0,231.35,,
Process path weekly,Box on Demand,27,0,141.29,,
Process path weekly,Box on Demand,26,0,158.21,,
Process path weekly,Box on Demand,25,0,109.45,,
Process path weekly,Box on Demand,24,0,77.87,,
Process path weekly,Box on Demand,23,0,72.22,,
Process path weekly,Box on Demand,22,0,68.6,,
Process path weekly,Box on Demand,21,0,49.07,,
Process path weekly,Box on Demand,20,0,26.8,,
Process path weekly,Box on Demand,19,0,38.71,,
Process path weekly,Box on Demand,18,0,52.92,,
Process path weekly,Box on Demand,17,0,51.43,,
Process path weekly,Box on Demand,16,0,34.4,,
Process path weekly,Box on Demand,15,0,65.51,,
Process path weekly,Box on Demand,14,0,28.81,,
Process path weekly,Box on Demand,12,0,28.91,,
Process path weekly,Box on Demand,11,0,45.39,,
Process path weekly,Box on Demand,10,0,37.7,,
Process path weekly,Box on Demand,9,0,106.43,,
Process path weekly,Box on Demand,8,0,38.98,,
Process path weekly,Box on Demand,7,0,63.47,,
Process path weekly,Box on Demand,6,0,98.55,,
Process path weekly,Box on Demand,5,0,126.09,,
Process path weekly,Box on Demand,4,0,91.31,,
Process path weekly,Box on Demand,3,0,159.04,,
Process path weekly,Box on Demand,2,0,128.27,,
Process path weekly,Box on Demand,1,0,142.55,,
Process path weekly,Prep Recorder,52,0,34.76,,
Process path weekly,Prep Recorder,51,0,40.0,,
Process path weekly,Prep Recorder,50,0,77.26,,
Process path weekly,Prep Recorder,49,0,46.34,,
Process path weekly,Prep Recorder,48,0,31.91,,
Process path weekly,Prep Recorder,47,0,45.73,,
Process path weekly,Prep Recorder,46,0,30.25,,
Process path weekly,Prep Recorder,45,0,78.15,,
Process path weekly,Prep Recorder,44,0,58.77,,
Process path weekly,Prep Recorder,43,0,35.5,,
Process path weekly,Prep Recorder,42,0,46.23,,
Process path weekly,Prep Recorder,41,0,31.41,,
Process path weekly,Prep Recorder,40,0,28.63,,
Process path weekly,Prep Recorder,39,0,28.85,,
Process path weekly,Prep Recorder,38,0,25.72,,
Process path weekly,Prep Recorder,37,0,32.61,,
Process path weekly,Prep Recorder,36,0,49.67,,
Process path weekly,Prep Recorder,35,0,36.73,,
Process path weekly,Prep Recorder,34,0,48.28,,
Process path weekly,Prep Recorder,33,0,33.35,,
Process path weekly,Prep Recorder,32,0,47.95,,
Process path weekly,Prep Recorder,31,0,64.88,,
Process path weekly,Prep Recorder,30,0,67.75,,
Process path weekly,Prep Recorder,29,0,78.51,,
Process path weekly,Prep Recorder,28,0,97.35,,
Process path weekly,Prep Recorder,27,0,74.65,,
Process path weekly,Prep Recorder,26,0,140.63,,
Process path weekly,Prep Recorder,25,0,98.43,,
Process path weekly,Prep Recorder,24,0,116.14,,
Process path weekly,Prep Recorder,23,0,73.34,,
Process path weekly,Prep Recorder,22,0,94.83,,
Process path weekly,Prep Recorder,21,0,105.97,,
Process path weekly,Prep Recorder,20,0,57.96,,
Process path weekly,Prep Recorder,19,0,29.38,,
Process path weekly,Prep Recorder,18,0,53.68,,
Process path weekly,Prep Recorder,17,0,52.68,,
Process path weekly,Prep Recorder,16,0,49.96,,
Process path weekly,Prep Recorder,15,0,45.47,,
Process path weekly,Prep Recorder,14,0,37.5,,
Process path weekly,Prep Recorder,13,0,30.87,,
Process path weekly,Prep Recorder,12,0,74.97,,
Process path weekly,Prep Recorder,11,0,59.14,,
Process path weekly,Prep Recorder,10,0,95.43,,
Process path weekly,Prep Recorder,9,0,134.1,,
Process path weekly,Prep Recorder,8,0,116.21,,
Process path weekly,Prep Recorder,7,0,76.41,,
Process path weekly,Prep Recorder,6,0,93.46,,
Process path weekly,Prep Recorder,5,0,106.46,,
Process path weekly,Prep Recorder,4,0,117.85,,
Process path weekly,Prep Recorder,3,0,72.0,,
Process path weekly,Prep Recorder,2,0,86.53,,
Process path weekly,Prep Recorder,1,0,108.96,,
Process path weekly,Cubiscan,52,0,26.16,,
Process path weekly,Cubiscan,51,0,65.87,,
Process path weekly,Cubiscan,50,0,46.47,,
Process path weekly,Cubiscan,49,0,53.4,,
Process path weekly,Cubiscan,48,0,37.49,,
Process path weekly,Cubiscan,47,0,37.43,,
Process path weekly,Cubiscan,46,0,39.99,,
Process path weekly,Cubiscan,45,0,50.72,,
Process path weekly,Cubiscan,44,0,61.18,,
Process path weekly,Cubiscan,43,0,46.94,,
Process path weekly,Cubiscan,42,0,68.49,,
Process path weekly,Cubiscan,41,0,50.8,,
Process path weekly,Cubiscan,40,0,41.07,,
Process path weekly,Cubiscan,39,0,69.44,,
Process path weekly,Cubiscan,38,0,72.0,,
Process path weekly,Cubiscan,37,0,85.73,,
Process path weekly,Cubiscan,36,0,86.27,,
Process path weekly,Cubiscan,35,0,11.23,,
Process path weekly,Cubiscan,34,0,21.57,,
Process path weekly,Cubiscan,33,0,64.49,,
Process path weekly,Cubiscan,32,0,75.56,,
Process path weekly,Cubiscan,31,0,71.26,,
Process path weekly,Cubiscan,30,0,61.08,,
Process path weekly,Cubiscan,29,0,86.07,,
Process path weekly,Cubiscan,28,0,40.31,,
Process path weekly,Cubiscan,27,0,22.24,,
Process path weekly,Cubiscan,26,0,87.02,,
Process path weekly,Cubiscan,25,0,59.0,,
Process path weekly,Cubiscan,24,0,53.5,,
Process path weekly,Cubiscan,23,0,50.14,,
Process path weekly,Cubiscan,22,0,66.59,,
Process path weekly,Cubiscan,21,0,74.53,,
Process path weekly,Cubiscan,20,0,72.35,,
Process path weekly,Cubiscan,19,0,76.53,,
Process path weekly,Cubiscan,18,0,112.04,,
Process path weekly,Cubiscan,17,0,68.69,,
Process path weekly,Cubiscan,16,0,51.84,,
Process path weekly,Cubiscan,15,0,87.94,,
Process path weekly,Cubiscan,14,0,76.68,,
Process path weekly,Cubiscan,13,0,41.06,,
Process path weekly,Cubiscan,12,0,73.39,,
Process path weekly,Cubiscan,11,0,102.54,,
Process path weekly,Cubiscan,10,0,52.79,,
Process path weekly,Cubiscan,9,0,54.65,,
Process path weekly,Cubiscan,8,0,79.46,,
Process path weekly,Cubiscan,7,0,57.53,,
Process path weekly,Cubiscan,6,0,37.44,,
Process path weekly,Cubiscan,5,0,55.04,,
Process path weekly,Cubiscan,4,0,85.45,,
Process path weekly,Cubiscan,3,0,83.24,,
Process path weekly,Cubiscan,2,0,44.34,,
Process path weekly,Cubiscan,1,0,35.56,,
Process path weekly,WHD Grading Support,52,0,7.9,,
Process path weekly,WHD Grading Support,51,0,17.96,,
Process path weekly,WHD Grading Support,50,0,56.52,,
Process path weekly,WHD Grading Support,49,0,6.43,,
Process path weekly,WHD Grading Support,48,0,7.11,,
Process path weekly,WHD Grading Support,47,0,10.77,,
Process path weekly,WHD Grading Support,46,0,20.68,,
Process path weekly,WHD Grading Support,45,0,22.43,,
Process path weekly,WHD Grading Support,44,0,5.96,,
Process path weekly,WHD Grading Support,43,0,9.26,,
Process path weekly,WHD Grading Support,42,0,19.18,,
Process path weekly,WHD Grading Support,41,0,22.59,,
Process path weekly,WHD Grading Support,40,0,8.33,,
Process path weekly,WHD Grading Support,39,0,14.41,,
Process path weekly,WHD Grading Support,38,0,13.56,,
Process path weekly,WHD Grading Support,37,0,14.89,,
Process path weekly,WHD Grading Support,36,0,26.07,,
Process path weekly,WHD Grading Support,35,0,28.17,,
Process path weekly,WHD Grading Support,34,0,98.08,,
Process path weekly,WHD Grading Support,33,0,75.61,,
Process path weekly,WHD Grading Support,32,0,79.02,,
Process path weekly,WHD Grading Support,31,0,75.98,,
Process path weekly,WHD Grading Support,30,0,43.48,,
Process path weekly,WHD Grading Support,29,0,94.24,,
Process path weekly,WHD Grading Support,28,0,111.59,,
Process path weekly,WHD Grading Support,27,0,35.68,,
Process path weekly,WHD Grading Support,26,0,66.25,,
Process path weekly,WHD Grading Support,25,0,117.4,,
Process path weekly,WHD Grading Support,24,0,56.51,,
Process path weekly,WHD Grading Support,23,0,22.5,,
Process path weekly,WHD Grading Support,22,0,60.93,,
Process path weekly,WHD Grading Support,21,0,32.29,,
Process path weekly,WHD Grading Support,20,0,17.09,,
Process path weekly,WHD Grading Support,19,0,14.28,,
Process path weekly,WHD Grading Support,18,0,23.13,,
Process path weekly,WHD Grading Support,17,0,26.11,,
Process path weekly,WHD Grading Support,16,0,2.13,,
Process path weekly,WHD Grading Support,15,0,7.17,,
Process path weekly,WHD Grading Support,14,0,18.22,,
Process path weekly,WHD Grading Support,13,0,45.93,,
Process path weekly,WHD Grading Support,12,0,139.99,,
Process path weekly,WHD Grading Support,11,0,144.26,,
Process path weekly,WHD Grading Support,10,0,129.96,,
Process path weekly,WHD Grading Support,9,0,142.1,,
Process path weekly,WHD Grading Support,8,0,138.73,,
Process path weekly,WHD Grading Support,7,0,106.39,,
Process path weekly,WHD Grading Support,6,0,137.97,,
Process path weekly,WHD Grading Support,5,0,145.55,,
Process path weekly,WHD Grading Support,4,0,164.09,,
Process path weekly,WHD Grading Support,3,0,144.71,,
Process path weekly,WHD Grading Support,2,0,114.04,,
Process path weekly,WHD Grading Support,1,0,85.33,,
Process path weekly,WHD Grading,52,0,13.64,,
Process path weekly,WHD Grading,51,0,53.84,,
Process path weekly,WHD Grading,50,0,74.66,,
Process path weekly,WHD Grading,49,0,70.52,,
Process path weekly,WHD Grading,48,0,64.98,,
Process path weekly,WHD Grading,47,0,10.25,,
Process path weekly,WHD Grading,46,0,12.99,,
Process path weekly,WHD Grading,45,0,41.89,,
Process path weekly,WHD Grading,44,0,54.2,,
Process path weekly,WHD Grading,43,0,36.77,,
Process path weekly,WHD Grading,42,0,38.26,,
Process path weekly,WHD Grading,41,0,57.23,,
Process path weekly,WHD Grading,40,0,44.08,,
Process path weekly,WHD Grading,39,0,40.91,,
Process path weekly,WHD Grading,38,0,52.09,,
Process path weekly,WHD Grading,37,0,67.12,,
Process path weekly,WHD Grading,36,0,62.49,,
Process path weekly,WHD Grading,35,0,62.1,,
Process path weekly,WHD Grading,34,0,42.12,,
Process path weekly,WHD Grading,33,0,13.55,,
Process path weekly,WHD Grading,32,0,44.9,,
Process path weekly,WHD Grading,31,0,51.99,,
Process path weekly,WHD Grading,30,0,49.99,,
Process path weekly,WHD Grading,29,0,79.94,,
Process path weekly,WHD Grading,28,0,31.76,,
Process path weekly,WHD Grading,27,0,57.9,,
Process path weekly,WHD Grading,26,0,72.22,,
Process path weekly,WHD Grading,25,0,47.73,,
Process path weekly,WHD Grading,24,0,42.19,,
Process path weekly,WHD Grading,23,0,45.97,,
Process path weekly,WHD Grading,22,0,59.56,,
Process path weekly,WHD Grading,21,0,45.81,,
Process path weekly,WHD Grading,20,0,59.86,,
Process path weekly,WHD Grading,19,0,62.04,,
Process path weekly,WHD Grading,18,0,61.68,,
Process path weekly,WHD Grading,17,0,68.96,,
Process path weekly,WHD Grading,16,0,21.48,,
Process path weekly,WHD Grading,15,0,32.87,,
Process path weekly,WHD Grading,14,0,47.5,,
Process path weekly,WHD Grading,13,0,28.27,,
Process path weekly,WHD Grading,12,0,37.02,,
Process path weekly,WHD Grading,11,0,33.66,,
Process path weekly,WHD Grading,10,0,65.92,,
Process path weekly,WHD Grading,9,0,54.81,,
Process path weekly,WHD Grading,8,0,47.44,,
Process path weekly,WHD Grading,7,0,40.35,,
Process path weekly,WHD Grading,6,0,61.94,,
Process path weekly,WHD Grading,5,0,51.75,,
Process path weekly,WHD Grading,4,0,43.92,,
Process path weekly,WHD Grading,3,0,32.84,,
Process path weekly,WHD Grading,2,0,40.01,,
Process path weekly,WHD Grading,1,0,34.8,,
Process path weekly,On Boarding,47,0,1.67,,
Process path weekly,On Boarding,44,0,0.87,,
Process path weekly,On Boarding,42,0,14.8,,
Process path weekly,On Boarding,41,0,1.72,,
Process path weekly,On Boarding,40,0,127.33,,
Process path weekly,On Boarding,36,0,2.69,,
Process path weekly,On Boarding,32,0,1.06,,
Process path weekly,On Boarding,30,0,1.88,,
Process path weekly,On Boarding,27,0,142.56,,
Process path weekly,On Boarding,26,0,3.61,,
Process path weekly,On Boarding,21,0,0.89,,
Process path weekly,On Boarding,17,0,280.44,,
Process path weekly,On Boarding,16,0,281.33,,
Process path weekly,On Boarding,15,0,501.29,,
Process path weekly,On Boarding,14,0,232.55,,
Process path weekly,On Boarding,13,0,103.65,,
Process path weekly,On Boarding,12,0,173.24,,
Process path weekly,On Boarding,10,0,0.62,,
Process path weekly,On Boarding,7,0,0.66,,
Process path weekly,On Boarding,6,0,4.46,,
Process path weekly,On Boarding,5,0,0.0,,
Process path weekly,On Boarding,4,0,67.44,,
Process path weekly,On Boarding,3,0,178.92,,
Process path weekly,On Boarding,2,0,240.84,,
Process path weekly,On Boarding,1,0,2.45,,
Process path weekly,Temporary Light Duty,52,0,222.07,,
Process path weekly,Temporary Light Duty,51,0,445.16,,
Process path weekly,Temporary Light Duty,50,0,523.01,,
Process path weekly,Temporary Light Duty,49,0,484.78,,
Process path weekly,Temporary Light Duty,48,0,343.93,,
Process path weekly,Temporary Light Duty,47,0,189.31,,
Process path weekly,Transfer Out Lead/PA,52,0,10.02,,
Process path weekly,Transfer Out Lead/PA,51,0,21.22,,
Process path weekly,Transfer Out Lead/PA,50,0,31.58,,
Process path weekly,Transfer Out Lead/PA,49,0,29.2,,
Process path weekly,Transfer Out Lead/PA,48,0,25.77,,
Process path weekly,Transfer Out Lead/PA,47,0,17.01,,
Process path weekly,Transfer Out Lead/PA,46,0,40.37,,
Process path weekly,Transfer Out Lead/PA,45,0,38.25,,
Process path weekly,Transfer Out Lead/PA,44,0,42.64,,
Process path weekly,Transfer Out Lead/PA,43,0,17.3,,
Process path weekly,Transfer Out Lead/PA,42,0,27.09,,
Process path weekly,Transfer Out Lead/PA,41,0,22.5,,
Process path weekly,Transfer Out Lead/PA,40,0,33.02,,
Process path weekly,Transfer Out Lead/PA,39,0,30.29,,
Process path weekly,Transfer Out Lead/PA,38,0,23.44,,
Process path weekly,Transfer Out Lead/PA,37,0,27.85,,
Process path weekly,Transfer Out Lead/PA,36,0,2.69,,
Process path weekly,Transfer Out Lead/PA,34,0,14.86,,
Process path weekly,Transfer Out Lead/PA,33,0,2.15,,
Process path weekly,Transfer Out Lead/PA,32,0,14.12,,
Process path weekly,Transfer Out Lead/PA,31,1,36.3,,
Process path weekly,Transfer Out Lead/PA,30,0,25.11,,
Process path weekly,Transfer Out Lead/PA,29,0,55.12,,
Process path weekly,Transfer Out Lead/PA,28,0,15.54,,
Process path weekly,Transfer Out Lead/PA,27,0,16.31,,
Process path weekly,Transfer Out Lead/PA,26,0,102.12,,
Process path weekly,Transfer Out Lead/PA,25,0,56.63,,
Process path weekly,Transfer Out Lead/PA,24,0,50.91,,
Process path weekly,Transfer Out Lead/PA,23,0,68.94,,
Process path weekly,Transfer Out Lead/PA,22,0,30.23,,
Process path weekly,Transfer Out Lead/PA,21,0,2.94,,
Process path weekly,Transfer Out Lead/PA,20,0,23.92,,
Process path weekly,Transfer Out Lead/PA,19,0,43.4,,
Process path weekly,Transfer Out Lead/PA,18,0,10.04,,
Process path weekly,Transfer Out Lead/PA,17,0,14.56,,
Process path weekly,Transfer Out Lead/PA,16,0,11.78,,
Process path weekly,Transfer Out Lead/PA,15,0,41.12,,
Process path weekly,Transfer Out Lead/PA,14,0,24.08,,
Process path weekly,Transfer Out Lead/PA,13,0,17.94,,
Process path weekly,Transfer Out Lead/PA,12,0,23.98,,
Process path weekly,Transfer Out Lead/PA,11,0,69.36,,
Process path weekly,Transfer Out Lead/PA,10,0,19.6,,
Process path weekly,Transfer Out Lead/PA,9,0,13.93,,
Process path weekly,Transfer Out Lead/PA,8,0,17.1,,
Process path weekly,Transfer Out Lead/PA,7,0,15.29,,
Process path weekly,Transfer Out Lead/PA,6,0,103.3,,
Process path weekly,Transfer Out Lead/PA,5,0,72.31,,
Process path weekly,Transfer Out Lead/PA,4,0,20.15,,
Process path weekly,Transfer Out Lead/PA,3,0,48.98,,
Process path weekly,Transfer Out Lead/PA,2,0,57.63,,
Process path weekly,Transfer Out Lead/PA,1,0,38.82,,
Process path weekly,V-Returns Pack,52,0,5.61,,
Process path weekly,V-Returns Pack,51,0,51.72,,
Process path weekly,V-Returns Pack,50,0,25.65,,
Process path weekly,V-Returns Pack,49,0,37.19,,
Process path weekly,V-Returns Pack,48,0,20.8,,
Process path weekly,V-Returns Pack,47,0,27.12,,
Process path weekly,V-Returns Pack,46,0,21.43,,
Process path weekly,V-Returns Pack,45,0,15.5,,
Process path weekly,V-Returns Pack,44,0,16.77,,
Process path weekly,V-Returns Pack,43,0,17.21,,
Process path weekly,V-Returns Pack,42,0,25.26,,
Process path weekly,V-Returns Pack,41,0,22.99,,
Process path weekly,V-Returns Pack,40,0,20.75,,
Process path weekly,V-Returns Pack,39,0,10.87,,
Process path weekly,V-Returns Pack,38,0,22.51,,
Process path weekly,V-Returns Pack,37,0,19.09,,
Process path weekly,V-Returns Pack,36,0,23.25,,
Process path weekly,V-Returns Pack,35,0,25.11,,
Process path weekly,V-Returns Pack,34,0,17.89,,
Process path weekly,V-Returns Pack,33,0,24.4,,
Process path weekly,V-Returns Pack,32,0,36.07,,
Process path weekly,V-Returns Pack,31,0,22.53,,
Process path weekly,V-Returns Pack,30,0,23.79,,
Process path weekly,V-Returns Pack,29,0,28.9,,
Process path weekly,V-Returns Pack,28,0,15.69,,
Process path weekly,V-Returns Pack,27,0,17.95,,
Process path weekly,V-Returns Pack,26,0,15.22,,
Process path weekly,V-Returns Pack,25,0,22.02,,
Process path weekly,V-Returns Pack,24,0,15.41,,
Process path weekly,V-Returns Pack,23,0,22.68,,
Process path weekly,V-Returns Pack,22,0,18.59,,
Process path weekly,V-Returns Pack,21,0,18.2,,
Process path weekly,V-Returns Pack,20,0,14.33,,
Process path weekly,V-Returns Pack,19,0,19.81,,
Process path weekly,V-Returns Pack,18,0,18.37,,
Process path weekly,V-Returns Pack,17,0,10.52,,
Process path weekly,V-Returns Pack,16,0,14.92,,
Process path weekly,V-Returns Pack,15,0,13.14,,
Process path weekly,V-Returns Pack,14,0,11.82,,
Process path weekly,V-Returns Pack,13,0,8.52,,
Process path weekly,V-Returns Pack,12,0,6.43,,
Process path weekly,V-Returns Pack,11,0,11.77,,
Process path weekly,V-Returns Pack,10,0,16.34,,
Process path weekly,V-Returns Pack,9,0,23.42,,
Process path weekly,V-Returns Pack,8,0,26.52,,
Process path weekly,V-Returns Pack,7,0,14.14,,
Process path weekly,V-Returns Pack,6,0,17.28,,
Process path weekly,V-Returns Pack,5,0,22.48,,
Process path weekly,V-Returns Pack,4,0,17.88,,
Process path weekly,V-Returns Pack,3,0,28.88,,
Process path weekly,V-Returns Pack,2,0,6.64,,
Process path weekly,V-Returns Pack,1,0,10.68,,
Process path weekly,Gift-Wrap,52,0,33.66,,
Process path weekly,Gift-Wrap,51,0,79.75,,
Process path weekly,Gift-Wrap,50,0,54.8,,
Process path weekly,Gift-Wrap,49,0,52.02,,
Process path weekly,Gift-Wrap,48,0,19.7,,
Process path weekly,Gift-Wrap,47,0,10.9,,
Process path weekly,Gift-Wrap,46,0,9.08,,
Process path weekly,Gift-Wrap,45,0,16.93,,
Process path weekly,Gift-Wrap,44,0,7.49,,
Process path weekly,Gift-Wrap,43,0,9.83,,
Process path weekly,Gift-Wrap,42,0,8.63,,
Process path weekly,Gift-Wrap,41,0,13.64,,
Process path weekly,Gift-Wrap,40,0,11.78,,
Process path weekly,Gift-Wrap,39,0,11.94,,
Process path weekly,Gift-Wrap,38,0,10.92,,
Process path weekly,Gift-Wrap,37,0,10.6,,
Process path weekly,Gift-Wrap,36,0,10.08,,
Process path weekly,Gift-Wrap,35,0,5.31,,
Process path weekly,Gift-Wrap,34,0,15.68,,
Process path weekly,Gift-Wrap,33,0,21.27,,
Process path weekly,Gift-Wrap,32,0,20.49,,
Process path weekly,Gift-Wrap,31,0,8.78,,
Process path weekly,Gift-Wrap,30,0,10.7,,
Process path weekly,Gift-Wrap,29,0,16.63,,
Process path weekly,Gift-Wrap,28,0,10.54,,
Process path weekly,Gift-Wrap,27,0,7.27,,
Process path weekly,Gift-Wrap,26,0,9.51,,
Process path weekly,Gift-Wrap,25,0,12.0,,
Process path weekly,Gift-Wrap,24,0,12.55,,
Process path weekly,Gift-Wrap,23,0,9.39,,
Process path weekly,Gift-Wrap,22,0,6.75,,
Process path weekly,Gift-Wrap,21,0,4.82,,
Process path weekly,Gift-Wrap,20,0,8.59,,
Process path weekly,Gift-Wrap,19,0,9.18,,
Process path weekly,Gift-Wrap,18,0,8.49,,
Process path weekly,Gift-Wrap,17,0,6.02,,
Process path weekly,Gift-Wrap,16,0,8.16,,
Process path weekly,Gift-Wrap,15,0,5.92,,
Process path weekly,Gift-Wrap,14,0,11.3,,
Process path weekly,Gift-Wrap,13,0,10.01,,
Process path weekly,Gift-Wrap,12,0,17.84,,
Process path weekly,Gift-Wrap,11,0,22.27,,
Process path weekly,Gift-Wrap,10,0,32.04,,
Process path weekly,Gift-Wrap,9,0,12.63,,
Process path weekly,Gift-Wrap,8,0,5.73,,
Process path weekly,Gift-Wrap,7,0,10.21,,
Process path weekly,Gift-Wrap,6,0,37.37,,
Process path weekly,Gift-Wrap,5,0,37.87,,
Process path weekly,Gift-Wrap,4,0,32.9,,
Process path weekly,Gift-Wrap,3,0,45.85,,
Process path weekly,Gift-Wrap,2,0,7.61,,
Process path weekly,Gift-Wrap,1,0,6.3,,
Process path weekly,Transfer Out Pick,42,1,0.0,,
Process path weekly,Transfer Out Pick,37,1,159.54,,
Process path weekly,Transfer Out Pick,34,1,104.64,,
Process path weekly,Transfer Out Pick,20,1,111.49,,
Process path weekly,Transfer Out Pick,10,1,94.61,,
Process path weekly,UnrecognizedProcess,52,0,5.33,,
Process path weekly,UnrecognizedProcess,51,0,6.21,,
Process path weekly,UnrecognizedProcess,50,0,3.06,,
Process path weekly,UnrecognizedProcess,49,0,4.07,,
Process path weekly,UnrecognizedProcess,48,0,3.62,,
Process path weekly,UnrecognizedProcess,47,0,6.51,,
Process path weekly,UnrecognizedProcess,46,0,3.92,,
Process path weekly,UnrecognizedProcess,45,0,5.69,,
Process path weekly,UnrecognizedProcess,44,0,14.21,,
Process path weekly,UnrecognizedProcess,43,0,13.1,,
Process path weekly,UnrecognizedProcess,42,0,4.68,,
Process path weekly,UnrecognizedProcess,41,0,6.55,,
Process path weekly,UnrecognizedProcess,40,0,4.06,,
Process path weekly,UnrecognizedProcess,39,0,6.34,,
Process path weekly,UnrecognizedProcess,38,0,2.45,,
Process path weekly,UnrecognizedProcess,37,0,8.2,,
Process path weekly,UnrecognizedProcess,36,0,12.5,,
Process path weekly,UnrecognizedProcess,35,0,11.07,,
Process path weekly,UnrecognizedProcess,34,0,3.68,,
Process path weekly,UnrecognizedProcess,33,0,10.48,,
Process path weekly,UnrecognizedProcess,32,0,2.75,,
Process path weekly,UnrecognizedProcess,31,0,7.9,,
Process path weekly,UnrecognizedProcess,30,0,6.91,,
Process path weekly,UnrecognizedProcess,29,0,13.29,,
Process path weekly,UnrecognizedProcess,28,0,10.47,,
Process path weekly,UnrecognizedProcess,27,0,9.03,,
Process path weekly,UnrecognizedProcess,26,0,7.64,,
Process path weekly,UnrecognizedProcess,25,0,3.97,,
Process path weekly,UnrecognizedProcess,24,0,5.87,,
Process path weekly,UnrecognizedProcess,23,0,5.61,,
Process path weekly,UnrecognizedProcess,22,0,3.16,,
Process path weekly,UnrecognizedProcess,21,0,9.61,,
Process path weekly,UnrecognizedProcess,20,0,11.28,,
Process path weekly,UnrecognizedProcess,19,0,5.22,,
Process path weekly,UnrecognizedProcess,18,0,12.31,,
Process path weekly,UnrecognizedProcess,17,0,3.45,,
Process path weekly,UnrecognizedProcess,16,0,5.87,,
Process path weekly,UnrecognizedProcess,15,0,10.95,,
Process path weekly,UnrecognizedProcess,14,0,4.81,,
Process path weekly,UnrecognizedProcess,13,0,5.75,,
Process path weekly,UnrecognizedProcess,12,0,10.7,,
Process path weekly,UnrecognizedProcess,11,0,1.39,,
Process path weekly,UnrecognizedProcess,10,0,2.74,,
Process path weekly,UnrecognizedProcess,9,0,4.94,,
Process path weekly,UnrecognizedProcess,8,0,5.85,,
Process path weekly,UnrecognizedProcess,7,0,11.25,,
Process path weekly,UnrecognizedProcess,6,0,8.48,,
Process path weekly,UnrecognizedProcess,5,0,13.69,,
Process path weekly,UnrecognizedProcess,4,0,8.85,,
Process path weekly,UnrecognizedProcess,3,0,5.79,,
Process path weekly,UnrecognizedProcess,2,0,6.62,,
Process path weekly,UnrecognizedProcess,1,0,7.13,,
Process path weekly,Custom Packaging,52,0,2.35,,
Process path weekly,Custom Packaging,51,0,3.51,,
Process path weekly,Custom Packaging,50,0,3.75,,
Process path weekly,Custom Packaging,49,0,10.7,,
Process path weekly,Custom Packaging,48,0,3.58,,
Process path weekly,Custom Packaging,47,0,5.15,,
Process path weekly,Custom Packaging,46,0,2.46,,
Process path weekly,Custom Packaging,45,0,1.94,,
Process path weekly,Custom Packaging,44,0,2.56,,
Process path weekly,Custom Packaging,43,0,0.96,,
Process path weekly,Custom Packaging,42,0,2.95,,
Process path weekly,Custom Packaging,41,0,3.32,,
Process path weekly,Custom Packaging,40,0,0.17,,
Process path weekly,Custom Packaging,39,0,0.14,,
Process path weekly,Custom Packaging,38,0,1.09,,
Process path weekly,Custom Packaging,37,0,3.46,,
Process path weekly,Custom Packaging,36,0,1.92,,
Process path weekly,Custom Packaging,35,0,1.54,,
Process path weekly,Custom Packaging,34,0,1.63,,
Process path weekly,Custom Packaging,33,0,3.2,,
Process path weekly,Custom Packaging,32,0,1.61,,
Process path weekly,Custom Packaging,31,0,0.63,,
Process path weekly,Custom Packaging,30,0,2.82,,
Process path weekly,Custom Packaging,29,0,7.2,,
Process path weekly,Custom Packaging,28,0,5.12,,
Process path weekly,Custom Packaging,27,0,5.79,,
Process path weekly,Custom Packaging,26,0,3.87,,
Process path weekly,Custom Packaging,25,0,6.64,,
Process path weekly,Custom Packaging,24,0,2.78,,
Process path weekly,Custom Packaging,23,0,1.16,,
Process path weekly,Custom Packaging,22,0,3.7,,
Process path weekly,Custom Packaging,21,0,3.09,,
Process path weekly,Custom Packaging,20,0,0.09,,
Process path weekly,Custom Packaging,19,0,1.4,,
Process path weekly,Custom Packaging,18,0,0.91,,
Process path weekly,Custom Packaging,17,0,0.47,,
Process path weekly,Custom Packaging,16,0,0.65,,
Process path weekly,Custom Packaging,15,0,4.06,,
Process path weekly,Custom Packaging,14,0,1.29,,
Process path weekly,Custom Packaging,13,0,1.73,,
Process path weekly,Custom Packaging,12,0,1.89,,
Process path weekly,Custom Packaging,11,0,1.36,,
Process path weekly,Custom Packaging,10,0,2.26,,
Process path weekly,Custom Packaging,9,0,2.41,,
Process path weekly,Custom Packaging,8,0,0.58,,
Process path weekly,Custom Packaging,7,0,25.53,,
Process path weekly,Custom Packaging,6,0,5.92,,
Process path weekly,Custom Packaging,5,0,1.7,,
Process path weekly,Custom Packaging,4,0,1.2,,
Process path weekly,Custom Packaging,2,0,1.8,,
Process path weekly,Custom Packaging,1,0,1.37,,
Process path weekly,C-Returns Stow,32,0,0.25,,
Process path weekly,C-Returns Stow,21,0,6.6,,
Process path weekly,C-Returns Stow,20,0,1.32,,
Process path weekly,C-Returns Stow,19,0,2.8,,
Process path weekly,C-Returns Stow,17,0,15.33,,
Process path weekly,C-Returns Stow,4,0,15.81,,
Process path weekly,V-Returns RVR,52,0,0.02,,
Process path weekly,V-Returns RVR,50,0,0.12,,
Process path weekly,V-Returns RVR,48,0,0.08,,
Process path weekly,V-Returns RVR,47,0,0.28,,
Process path weekly,V-Returns RVR,45,0,0.87,,
Process path weekly,V-Returns RVR,44,0,0.35,,
Process path weekly,V-Returns RVR,41,0,0.13,,
Process path weekly,V-Returns RVR,39,0,0.27,,
Process path weekly,V-Returns RVR,38,0,0.4,,
Process path weekly,V-Returns RVR,37,0,1.17,,
Process path weekly,V-Returns RVR,36,0,3.54,,
Process path weekly,V-Returns RVR,34,0,0.63,,
Process path weekly,V-Returns RVR,33,0,0.12,,
Process path weekly,V-Returns RVR,32,0,0.38,,
Process path weekly,V-Returns RVR,31,0,0.26,,
Process path weekly,V-Returns RVR,30,0,0.04,,
Process path weekly,V-Returns RVR,25,0,0.17,,
Process path weekly,V-Returns RVR,24,0,0.63,,
Process path weekly,V-Returns RVR,21,0,0.19,,
Process path weekly,V-Returns RVR,19,0,0.4,,
Process path weekly,V-Returns RVR,18,0,0.0,,
Process path weekly,V-Returns RVR,17,0,0.0,,
Process path weekly,V-Returns RVR,16,0,0.11,,
Process path weekly,V-Returns RVR,15,0,1.35,,
Process path weekly,V-Returns RVR,14,0,0.02,,
Process path weekly,V-Returns RVR,13,0,0.51,,
Process path weekly,V-Returns RVR,11,0,0.61,,
Process path weekly,V-Returns RVR,8,0,0.29,,
Process path weekly,V-Returns RVR,7,0,0.14,,
Process path weekly,V-Returns RVR,6,0,2.28,,
Process path weekly,V-Returns RVR,5,0,4.82,,
Process path weekly,V-Returns RVR,4,0,7.33,,
Process path weekly,V-Returns RVR,3,0,2.62,,
Process path weekly,V-Returns RVR,1,0,0.9,,
Process path weekly,Sort Support,3,0,7.06,,
Process path weekly,Case-Receive,51,0,0.02,,
Process path weekly,Case-Receive,50,0,0.38,,
Process path weekly,IC/QA/CS,51,1,0.0,,
Process path weekly,Ship Dock,50,1,0.0,,
Process path weekly,Ship Dock,26,0,0.0,,
Process path weekly,Ship Dock,11,1,0.0,,
Root cause,Missing standards or procedures,,57,,18,16
Root cause,Inadequate implementation of procedure,,36,,6,6
Root cause,Inadequate enforcement of procedures,,21,,4,4
Root cause,Inadequate recall of training material,,16,,4,3
Root cause,Unspecified,,13,,2,2
Root cause,Inadequate preventive maintenance,,13,,2,2
Root cause,Other,,11,,1,1
Root cause,Inadequate communication of standards or procedures,,7,,4,4
Root cause,Inadequate adjustment/repair,,2,,0,0
Root cause,Inadequate consideration of ergonomics,,2,,1,1
Root cause,"Inadequate design standards, specifications and/or design criteria",,2,,2,2
Root cause,Inadequate human factors/ergonomics considerations,,2,,0,0
Root cause,Inadequate knowledge transfer,,2,,1,1
Root cause,Inadequate reparative maintenance,,2,,0,0
Root cause,Inadequate risk assessment or identification of hazard/potential failure,,2,,1,1
Root cause,Improper extension of service life,,1,,0,0
Root cause,Inadequate communication between shifts,,1,,0,0
Root cause,Inadequate communication between work groups,,1,,0,0
Root cause,Inadequate communication due to associate turnover,,1,,1,1
Root cause,Inadequate communication of safety requirements,,1,,0,0
Root cause,Inadequate development / quality of standards or procedures,,1,,0,0
Root cause,Inadequate or lack of inspection and/or monitoring,,1,,0,0
Root cause,Inadequate training effort,,1,,0,0
Root cause,No training provided,,1,,1,1
Root cause,Providing instruction to perform task without providing/ensuring sufficient training,,1,,1,1
Root cause,Use for wrong purpose,,1,,0,0
Severity,D,,150,,0,0
Severity,C,,49,,49,46
Contributing factor,Human - Behaviour,,12,,12,11
Contributing factor,Organizational - Process,,3,,3,3
Contributing factor,Human - Leadership,,2,,2,2
Contributing factor,Organizational - Workplace,,1,,1,0
